first_name,last_name,gender,country,age,email,phone_number,address,marital_status,occupation
Molly,Wolfe,,Luxembourg,35,johnmunoz@example.org,(616)755-7140x9862,"6721 Kyle Burgs Suite 846, Carolynborough, NE 01803",Widowed,Museum/gallery exhibitions officer
Robert,Kent,Female,,74,daniel52@example.org,4858039063,"4924 Gail Square, Lake Robert, IA 38890",Widowed,Sport and exercise psychologist
Jeffrey,Ochoa,Female,Wallis and Futuna,70,timothyburnett@example.org,584.787.7589x905,"97248 Wilson Circles Suite 927, Taylortown, MT 19567",Divorced,"Engineer, manufacturing"
Morgan,Gibbs,Male,Guinea-Bissau,85,pamela22@example.com,001-764-616-5037x032,"066 Mitchell Point, Veronicahaven, RI 71055",Married,Public relations officer
,,Male,Latvia,52,joshua46@example.net,001-881-454-3612x22582,"Unit 5847 Box 8378, DPO AE 03266",,"Civil engineer, consulting"
Michael,Smith,Female,Isle of Man,24,guerrajacob@example.org,(976)460-2328x879,"75277 Danielle Dale Suite 681, Smallmouth, IN 58717",Single,Warehouse manager
Douglas,,Other,Germany,28,jessicaanderson@example.net,(402)785-0517x01445,"73906 Maria Mills Apt. 831, Port Davidtown, FM 95693",Widowed,"Engineer, manufacturing systems"
Christine,Thomas,Other,Liberia,42,hallveronica@example.org,,"70361 Debra Rest, Manuelmouth, OR 56458",Widowed,Warden/ranger
Matthew,Lawrence,Male,Angola,22,matthewrussell@example.org,-10680,,Divorced,Make
Austin,Baker,Female,,50,tryan@example.org,821.513.9354,"467 Tara Orchard, Kimborough, GA 67814",Divorced,Commercial horticulturist
Justin,Ball,Male,Heard Island and McDonald Islands,22,,(332)257-7394x69550,"15431 Jamie Ports, Samanthaport, ME 29035",Divorced,Solicitor
Kim,Powell,,Grenada,54,mary69@example.net,001-597-313-0021,"92541 Stephanie Turnpike Apt. 405, Greenborough, VA 36713",Divorced,"Designer, blown glass/stained glass"
Samuel,Rivas,Other,Aruba,59,clarence19@example.net,211.311.0991x9771,"10985 Albert Rapids Apt. 659, Port Riley, OH 60242",Single,"Exhibitions officer, museum/gallery"
Juan,White,Male,Yemen,39,heidicasey@example.org,(579)453-2277x789,"5001 Joshua View Suite 245, Markhaven, MS 55688",Married,
Brittany,Lopez,Other,Argentina,58,fford@example.com,,"71994 William Crossing, Leonardborough, NH 66824",Widowed,Oncologist
Kenneth,Bell,Male,Latvia,76,longcarolyn@example.com,6719565537,"43056 Nelson Tunnel Suite 893, Kelleystad, IN 64009",,Communications engineer
Michelle,Hinton,Other,Denmark,79,derek71@example.org,001-762-755-9116x719,"PSC 6962, Box 8439, APO AE 71703",Single,Higher education careers adviser
Heather,Davis,,Hong Kong,33,fharris@example.net,+1-811-946-0933x7042,"3115 Stephen Station, Port Danielberg, ID 47860",Divorced,Arts development officer
Caleb,Jones,Other,Honduras,49,shannon10@example.org,6484924588,"0638 Michael Stream Suite 466, Andrewtown, ND 08644",,"Surveyor, mining"
Nicholas,Holt,Female,Gabon,81,travis44@example.net,+1-355-261-5412x33896,"585 Graham Springs Apt. 927, Port Richardstad, TN 10699",Married,Tax adviser
Barbara,Lopez,Male,Libyan Arab Jamahiriya,55,gbennett@example.com,468.510.9582x164,"Unit 5744 Box 8707, DPO AA 46506",Single,Plant breeder/geneticist
Jasmine,Nash,Male,Kiribati,22,crystalruiz@example.org,686-757-8425x96852,"3770 Wu Circles Suite 700, Edwinborough, MO 15338",Divorced,Community arts worker
Jessica,Meyer,Female,Svalbard & Jan Mayen Islands,44,,,"20643 Kathleen Flats, New Tiffany, WY 31436",Widowed,Theme park manager
Alejandra,Moore,Male,Lao People's Democratic Republic,85,jmacdonald@example.net,253.355.9317x3565,"758 Jared Islands Suite 950, North Brianaport, PA 47907",Married,Agricultural engineer
Brian,Levine,,Greece,,carolyn59@example.net,687-419-2356,"7084 Rachel Vista Suite 198, Amberburgh, WY 13824",Divorced,Production manager
James,Booker,Female,Cameroon,,joseph43@example.com,(939)401-6899x700,"2284 Jake Pass Suite 803, Port Lorraineton, AR 04206",Single,Oceanographer
Amanda,Parks,Male,Switzerland,36,erica60@example.org,001-507-715-8187x799,"7431 Sean Cliffs, South David, PW 82278",Widowed,Fine artist
Katie,Gonzales,Other,Saint Barthelemy,44,kingjohn@example.net,,"841 Smith Causeway, Justinland, FM 80639",Married,Art therapist
Lisa,Roberson,Female,Barbados,63,gregory42@example.org,(576)510-2053x726,"456 Derek Falls Apt. 262, Brownbury, NE 43434",Divorced,Advertising copywriter
Christopher,Lopez,Male,Togo,44,ypace@example.net,(886)200-6430x86197,"34304 Jon Lake Apt. 236, Annaport, MI 10470",Married,Make
John,Howard,Other,Portugal,86,,367.339.9156,"32131 Hodges Circles, Lake Kristen, WV 60245",Married,Insurance claims handler
Mary,Brown,,Switzerland,60,kbuckley@example.org,001-299-915-3384x5522,"23787 Hayes Islands, Lake Hayleymouth, VA 19937",Single,"Surveyor, mining"
Christopher,Rodriguez,Other,Anguilla,,mcdonaldsamantha@example.net,(635)578-0084x222,"54786 Zachary Freeway Apt. 636, Lake Matthew, MD 20102",Divorced,Estate manager/land agent
Melissa,Davidson,Other,Madagascar,32,egreen@example.net,3416511041,"146 Molina Junction, East Sarastad, VA 63890",Widowed,Animal technologist
Ryan,Rose,Male,India,54,ajensen@example.org,(647)967-0267,"93518 Peterson Isle Suite 358, New Rebecca, PW 56817",Divorced,"Engineer, control and instrumentation"
William,Sanchez,Other,Georgia,77,ayoung@example.net,796.234.6770x479,"7471 Julie Canyon Suite 838, Port Katelyn, GU 20226",Widowed,
,Foster,Other,Niue,62,frice@example.org,(590)944-4211,"50986 Gutierrez Causeway, East Heathershire, MT 69356",Divorced,Telecommunications researcher
Ronald,Patterson,Female,El Salvador,25,mpatterson@example.org,989.224.3533x33656,"48899 Robertson Light Suite 933, West Cindy, PR 56179",Widowed,Chartered public finance accountant
Christine,Carter,Male,Congo,55,whitenatalie@example.com,001-989-324-3653,,Single,"Editor, film/video"
Johnny,Porter,Female,Djibouti,52,haroldbooker@example.net,479-209-5396,"073 Anita Mall Apt. 023, South Jennifer, KY 92315",Married,"Conservator, museum/gallery"
Jeffery,Griffin,Female,Lebanon,75,valeriekhan@example.com,440.666.4102x762,"158 Weber Forest, Hayesburgh, IA 92971",Married,Sports therapist
,Roberts,Female,Reunion,56,floreszachary@example.org,207-331-7944x9072,,Single,Marketing executive
Jason,Ross,,Lesotho,30,towen@example.com,957.771.3362x2409,"149 Jennifer Throughway Apt. 498, Davidhaven, NJ 68951",Single,Operational researcher
,Perry,Male,Croatia,90,kathy73@example.org,,"24219 Brown Groves, Davidshire, WV 74934",Divorced,Geoscientist
Donald,Watson,Other,Mali,21,dawnknight@example.org,542.485.3814x95492,"25250 Gonzalez Path Apt. 589, Lake Johnny, AK 95368",Divorced,Financial trader
Joseph,Ball,Female,Angola,,lcontreras@example.com,314-423-5449,"251 James Rapids, Lake Amandaborough, OH 16742",Widowed,"Surveyor, building control"
,Hoffman,Male,Guyana,87,vjohnson@example.org,762.441.7548,"0856 White Heights Apt. 850, Jonesfurt, AR 29509",Divorced,Trade mark attorney
Scott,Pierce,Other,Honduras,57,,+1-252-732-0183x29307,"0427 Martinez Walks Apt. 126, Ramirezfurt, CT 10792",Widowed,"Designer, exhibition/display"
Patrick,Hernandez,,Netherlands Antilles,33,aprilperry@example.org,4615277932,"4030 Joseph Forges, Atkinsonborough, GU 89242",Married,Estate agent
James,Hernandez,Other,Guernsey,42,ortizsusan@example.net,001-723-629-3558x5973,"36919 Delgado Mill Suite 058, Port Walter, MH 46694",Single,"Teacher, music"
John,,Other,Malawi,80,kristinmartinez@example.net,478.395.3902x670,"106 Cindy Land Suite 571, Heidiport, VT 95702",Divorced,"Designer, multimedia"
Brian,Yang,,Pitcairn Islands,19,jordan24@example.com,(679)306-3407x63488,"239 Sonya Mill, Jensenhaven, NY 31410",Single,IT consultant
Eduardo,Fernandez,,Ghana,,,366.925.5140x6759,,Divorced,Financial planner
,Clark,Male,Christmas Island,39,yvaldez@example.net,+1-316-258-8718x811,"07670 Love Summit, Johnfort, ME 12046",Widowed,Dealer
Stephanie,Mann,Female,Ghana,56,simmonsmarcus@example.org,678-884-5773x51051,"PSC 1653, Box 0841, APO AP 05052",Single,Sports coach
,,Other,Portugal,24,suzanne40@example.com,3377907622,"62161 Oliver Ranch, Fletcherhaven, ID 61128",Single,Software engineer
Carrie,Montgomery,Other,Malaysia,67,smartinez@example.org,859.821.7402,"PSC 6038, Box 1299, APO AP 80139",Single,Medical technical officer
Robin,Brown,Female,Kenya,66,jessica55@example.net,749-324-0459x39263,"81691 Mccormick Road, Hensonhaven, RI 58934",,"Engineer, electronics"
Dale,Flowers,Other,Malta,29,lesliebanks@example.net,+1-972-678-1148x0897,,Single,"Scientist, forensic"
,,Female,Singapore,,,519.881.0869,"0753 Amanda Valley Apt. 039, Hawkinsland, KY 46924",Married,Comptroller
Jacqueline,Hoffman,Other,Angola,81,,857-483-8733x99490,"524 Justin Drive, Farmerburgh, VT 74984",Married,Outdoor activities/education manager
Sarah,Martin,Female,Honduras,84,simmonsjeremy@example.net,850-820-8330x5036,"4399 Timothy Cape, Lake Tara, CT 96789",Married,Broadcast engineer
George,Gonzalez,Female,Poland,82,caitlin39@example.com,587.646.6544,"56788 Carla Drives, Johnfurt, KS 93744",Single,Tourism officer
Grace,Nixon,Other,,,ukramer@example.com,,"PSC 0181, Box 6182, APO AE 07672",Widowed,
Monique,Stewart,Other,,20,youngangela@example.net,6749609468,,Single,"Education officer, community"
Brandon,Reyes,Male,Lithuania,,guerrerokelly@example.net,697.721.8923x2249,"571 Patterson Junctions Apt. 899, North Hollymouth, ME 03192",Single,
Tabitha,,Other,Saint Pierre and Miquelon,82,michaelcole@example.org,300.256.0128x0842,"33741 Erica Causeway, Rushborough, MD 76411",Widowed,Clinical molecular geneticist
Janice,,Male,South Georgia and the South Sandwich Islands,54,,812.878.8666x86382,"756 Davis Greens Suite 173, Yodershire, PR 98817",Divorced,"Production designer, theatre/television/film"
Brooke,Reynolds,,Slovenia,42,emily45@example.com,974.432.2330x362,"432 Graham Hills, East Michaelberg, WA 99544",Widowed,
Curtis,Lawson,Male,Liechtenstein,39,johnfox@example.net,958.936.7920x8060,"01298 King Rue, Ferrellmouth, CO 44966",Divorced,"Therapist, nutritional"
,Hall,Other,Chad,35,,,,Widowed,
Susan,Davis,Female,Croatia,70,carpentertonya@example.org,+1-575-685-3140x63604,"66019 Melissa Meadow, Jenkinsside, TN 08582",Widowed,"Administrator, local government"
Billy,Howard,Female,Belarus,,vrich@example.net,-7064,"0291 Angela Ranch, South Javier, MP 05385",Single,Electronics engineer
Alexander,,Other,Puerto Rico,31,schneideramanda@example.com,675.546.6506,"910 Dawson Wall Apt. 387, Port Lisa, NY 48798",Married,Retail manager
,Thompson,Male,Qatar,33,davisstanley@example.com,999.818.3577x472,"9163 Mary Ports, Isaacmouth, AK 09878",Single,Health and safety adviser
Derek,Lane,Other,Russian Federation,38,krystalcampbell@example.com,001-597-660-8750x7755,"312 Zachary Rapids, West Samanthashire, GA 35129",Widowed,Broadcast engineer
Stephen,Strong,Female,British Virgin Islands,88,cadams@example.com,414-802-3145,"23314 Rosales Camp Apt. 410, Markfurt, SD 94600",Single,
William,Powers,Male,Saint Kitts and Nevis,42,melanieroman@example.net,(582)614-3496x38358,"5591 Powell Haven Suite 501, Jasonmouth, MI 41891",Single,"Pharmacist, hospital"
Jason,Jordan,Other,Egypt,85,qvance@example.com,935-643-8710x473,"017 Farmer Square, West Anthony, TN 99535",Divorced,"Optician, dispensing"
Laurie,Barr,,Palestinian Territory,76,imoore@example.net,(929)649-3056x8726,"3299 Sarah Ramp Suite 081, North David, SD 26321",Divorced,Radiation protection practitioner
Shannon,Graham,Male,Mexico,31,youngjames@example.net,4242583943,"977 Gates Street Suite 591, Patriciashire, NC 58253",Divorced,Health visitor
,Barnes,Male,Guatemala,84,davidross@example.org,001-941-857-8438x590,"66339 Boone Springs, North Stephanieburgh, MH 31846",Divorced,
Kevin,Kent,Other,,48,natalie86@example.net,717-961-1380,"464 Julia Mount Suite 144, Isaacfurt, MS 74845",Divorced,Chief Strategy Officer
Gregory,Thompson,Female,Andorra,56,reginahuerta@example.org,891.539.1640,"99561 Davis Mills, Justinmouth, WA 51186",Single,
Scott,Oconnor,Male,,72,hernandezjohn@example.com,783-786-9620x081,"187 Burgess Points Suite 201, East Dominic, AL 05403",Divorced,"Engineer, land"
Kathy,Lee,Male,Liechtenstein,28,andrewsullivan@example.net,(968)910-6089x142,"005 Pope Junction Apt. 088, Danielfurt, AK 02940",Widowed,Social researcher
Lauren,Lewis,Male,Saint Helena,20,unelson@example.com,001-933-345-5291x8382,"21823 Zoe Alley, Pittmanshire, NC 17222",Widowed,"Programmer, applications"
Zachary,Jackson,Other,Niue,38,kim98@example.org,001-777-327-5217x4016,"1412 Parker Stream Apt. 298, Zacharyville, MO 51191",Divorced,"Pilot, airline"
Sandra,Baxter,Female,Trinidad and Tobago,56,jessica13@example.org,290.823.7277x220,,Single,"Research officer, trade union"
Randy,Patterson,Other,,48,maryrhodes@example.net,387.509.7531x433,"0700 Barnes Rapid, South Anthonyton, NM 58925",Divorced,Lexicographer
Scott,,,Slovakia (Slovak Republic),56,bonillaedward@example.org,+1-421-920-7192x987,"98556 Austin Cape Suite 787, Port Jeffery, RI 21040",Married,"Copywriter, advertising"
,Burke,Male,Botswana,48,summersanne@example.net,959-953-8937x01340,"39072 Stephen Springs, Donaldview, NH 06537",Single,"Geneticist, molecular"
,Martinez,Other,Congo,70,qgilbert@example.com,300-949-6201x56499,,Widowed,Equities trader
Jennifer,Vazquez,Female,Czech Republic,27,zachary48@example.com,869.637.2593x6732,,,Biomedical engineer
,Cooper,Other,Estonia,49,mcrosby@example.org,977-481-5276x1613,"PSC 9974, Box 4658, APO AA 02982",Married,"Designer, interior/spatial"
John,Garrison,Other,Tajikistan,57,william07@example.net,+1-742-717-1304x0271,,,Museum/gallery curator
Paul,Parker,Other,Reunion,28,keith03@example.com,253-499-6029,"926 Christopher Terrace, Brownfurt, DE 32974",Widowed,Careers information officer
Bryan,Ross,Female,Qatar,37,austin14@example.com,517.806.2281x0716,"9986 Mccoy Shoals Suite 525, Davidton, VT 23683",,Professor Emeritus
Patricia,Doyle,Other,Norway,48,bowersandrew@example.net,497.684.5875,"811 Daniel Causeway Apt. 982, Lewisbury, TX 35948",Divorced,Environmental consultant
