sku,product_name,price,category,quantity,brand,description,supplier,warranty_period,stock_status
14160189,Gadget,86.75,Toys,26,,,,1 years,Out of Stock
18303773,Widget,318.7,Toys,82,BrandA,Assume surface example hotel in.,SupplierX,3 years,In Stock
83356766,,193.88,Home,6,BrandA,Moment road her adult become network again.,SupplierY,3 years,Out of Stock
51884208,Gadget,133.2,,95,BrandA,May win station animal.,SupplierY,2 years,In Stock
36525362,,325.44,Clothing,22,BrandB,Food discuss and now information determine.,SupplierZ,3 years,In Stock
75293635,Whatchamacallit,,Electronics,73,BrandA,,,2 years,Out of Stock
27136317,Gadget,193.49,,9,BrandA,Write my receive interest toward air.,SupplierX,3 years,Out of Stock
82219420,Contraption,432.6,Toys,44,BrandC,Like television camera.,SupplierY,,
96996379,Contraption,453.98,Home,86,BrandD,Anyone decision job fight design.,SupplierZ,1 years,In Stock
44883515,Whatchamacallit,25.97,Grocery,12,BrandD,While hold indicate whether paper so.,SupplierZ,,Limited
48065641,Thingamajig,117.82,Electronics,34,BrandB,,SupplierY,3 years,In Stock
66557180,Doohickey,,Grocery,22,BrandA,Major far else character begin generation dinner.,SupplierZ,3 years,Limited
94842661,Thingamajig,347.18,Toys,87,BrandD,I region employee different deal.,SupplierY,2 years,Limited
94073768,Contraption,291.5,Grocery,20,,Face spring thousand prevent expert.,SupplierY,3 years,Out of Stock
54158597,Gadget,394.07,Home,,,Study dark about from message.,SupplierY,2 years,Limited
40772646,Doohickey,61.23,Electronics,9,BrandC,Eight cause rise whether energy crime.,SupplierY,2 years,Limited
48855365,Widget,461.76,Toys,,BrandA,Important control doctor full.,SupplierX,1 years,Out of Stock
45378379,Doohickey,166.02,Home,57,BrandB,Sit body half tell imagine. Law yes of.,SupplierZ,3 years,In Stock
16175129,,374.39,Electronics,44,BrandA,,SupplierY,3 years,Out of Stock
48699020,Doohickey,,,,BrandA,Mr author stop among system act too.,SupplierZ,3 years,Limited
77049681,Contraption,,Electronics,47,BrandC,Simple too help.,SupplierZ,3 years,In Stock
41117323,Widget,465.22,Grocery,88,BrandD,Coach actually force.,SupplierY,1 years,In Stock
40472911,Whatchamacallit,,Books,1,BrandB,Use yet still defense.,SupplierX,1 years,Limited
94302172,Whatchamacallit,325.42,Electronics,9,BrandC,Walk other see task hard thousand idea reveal.,SupplierY,2 years,Out of Stock
16276826,Gadget,41.36,Home,21,BrandB,Think yeah year. Leave even smile information.,SupplierY,3 years,Out of Stock
86506144,Whatchamacallit,350.36,Grocery,51,BrandC,These end seem center message year specific door.,SupplierX,1 years,Limited
,Thingamajig,52.38,Books,63,BrandD,Huge describe deep many.,SupplierX,,Out of Stock
51022082,,336.04,Home,64,BrandA,Likely political treatment model go energy.,SupplierX,3 years,In Stock
22363718,Whatchamacallit,450.66,Home,45,BrandC,Meeting material consider sport civil.,SupplierY,1 years,Limited
14297076,,205.9,Toys,23,BrandC,Ahead day agent into this. Quite low also some.,SupplierY,1 years,In Stock
28139317,Whatchamacallit,50.11,Electronics,,BrandC,Measure try force international already push.,SupplierY,3 years,In Stock
23149144,Doohickey,,Toys,66,BrandB,Make idea research friend system radio.,SupplierZ,3 years,Limited
14993893,Gadget,131.68,,42,BrandC,Light wind whole magazine fact policy bring.,SupplierX,3 years,Out of Stock
16089020,Gadget,203.61,Electronics,,BrandC,Stand second third door.,,2 years,In Stock
35911012,Contraption,94.4,Books,,BrandC,Art entire common senior example star network.,SupplierY,2 years,Out of Stock
,Whatchamacallit,154.51,Clothing,59,BrandC,Reduce spring dog glass.,SupplierY,3 years,Out of Stock
75856762,Widget,72.44,Home,65,BrandC,Artist beyond relationship process.,SupplierZ,3 years,
,Widget,249.56,Clothing,40,BrandC,Clear effort figure pattern owner.,SupplierY,1 years,In Stock
75913373,Whatchamacallit,468.17,Home,61,BrandB,Behavior major citizen.,,1 years,In Stock
70396775,Widget,60.1,Home,16,BrandB,Lay rule city free party hand.,SupplierZ,2 years,Out of Stock
38054808,,,Home,40,BrandC,Nice start south Mrs style old.,SupplierX,3 years,In Stock
19979922,Contraption,457.42,Grocery,30,BrandA,,SupplierY,,In Stock
10748251,Gadget,13.64,,20,BrandC,And none man fact better.,SupplierY,1 years,In Stock
7714542,Gadget,278.2,Grocery,91,BrandD,Account consider important institution.,SupplierY,3 years,In Stock
97777946,Widget,,Clothing,82,BrandC,Away company its size feel.,SupplierY,3 years,Limited
42050520,,245.58,Home,83,BrandB,Rise benefit say ability impact happen garden.,,3 years,Limited
17930208,Gadget,143.8,Grocery,1,BrandA,Fly half reason may think space white.,SupplierZ,3 years,Limited
93286718,Whatchamacallit,446.91,Books,6,BrandD,Fight analysis travel turn when piece.,SupplierZ,3 years,In Stock
74817559,Whatchamacallit,321.01,Toys,26,,City federal cost have Democrat lawyer.,SupplierY,2 years,In Stock
17555449,Contraption,43.53,Clothing,35,BrandB,Know score or amount while record soon.,SupplierX,3 years,Limited
,Doohickey,,Books,53,BrandB,Fast learn yes.,SupplierX,3 years,Out of Stock
15887566,Gadget,339.66,Electronics,55,BrandD,Board ok drop character site when develop PM.,SupplierZ,3 years,In Stock
26021751,Gadget,268.92,Electronics,70,BrandB,Beyond claim western even.,SupplierX,3 years,
89541906,Doohickey,389.87,,54,BrandA,The president response company soldier culture.,SupplierX,3 years,Out of Stock
35199564,Whatchamacallit,303.04,Home,1,BrandC,Yeah page receive public allow nation interview.,,1 years,Out of Stock
31812863,Doohickey,321.45,Toys,27,BrandC,Rule hear food worry challenge parent why.,SupplierX,1 years,Out of Stock
20160326,,317.36,,12,BrandA,,SupplierY,3 years,
15194169,Thingamajig,299.53,,,,Pattern never describe despite.,SupplierY,3 years,Limited
31463140,Whatchamacallit,266.05,Home,61,,Personal movie international stop.,SupplierY,2 years,In Stock
61392519,,197.09,Grocery,,BrandD,,SupplierX,1 years,Limited
,Gadget,,Clothing,90,BrandC,Source should garden help simple.,SupplierX,1 years,Out of Stock
36004805,Contraption,478.8,,70,BrandB,,SupplierX,3 years,Out of Stock
7735851,Contraption,,Home,83,BrandC,Rate value civil old thought.,SupplierY,1 years,In Stock
22677754,Gadget,311.41,,5,BrandD,Mrs sense two.,SupplierZ,2 years,Out of Stock
61029750,Whatchamacallit,481.2,Clothing,,BrandB,Policy week fund nice wife activity discuss.,SupplierX,,Limited
70877427,Whatchamacallit,159.81,Toys,14,BrandD,During control quite girl.,SupplierX,3 years,In Stock
48566575,Thingamajig,491.44,Grocery,81,,Morning would capital. Add board project.,SupplierY,2 years,
95188812,,,Home,57,BrandC,Public population third.,SupplierY,3 years,Out of Stock
81844487,,131.84,,23,BrandB,Impact hit protect population all south fly past.,SupplierZ,3 years,In Stock
26471440,Contraption,314.91,Clothing,,BrandC,Lot writer remember themselves many trouble.,SupplierX,2 years,Out of Stock
72587959,Doohickey,256.67,Clothing,93,BrandA,East young clear oil hour.,SupplierZ,1 years,In Stock
30560642,Widget,300.75,,15,BrandB,Win maintain suggest about.,SupplierY,3 years,Out of Stock
,Widget,270.48,Grocery,91,BrandB,Manager name recognize I several.,SupplierY,2 years,In Stock
88272627,Whatchamacallit,353.74,Clothing,15,BrandD,Because health game house air.,SupplierZ,3 years,In Stock
40687773,Widget,175.48,,50,BrandD,North hear my the last talk.,SupplierZ,1 years,Limited
6223106,Thingamajig,377.14,Toys,83,BrandA,Leave great guy development enough they election.,SupplierY,2 years,Limited
,Contraption,26.28,Books,10,BrandB,Player present green citizen Mrs.,SupplierX,3 years,Out of Stock
60349507,,125.9,Electronics,23,BrandC,More reach so look cost chance.,SupplierZ,2 years,Limited
82855857,Gadget,216.33,Electronics,6,,Head the if hotel back authority serious.,SupplierX,2 years,In Stock
26658230,Gadget,323.59,Grocery,15,BrandB,Issue weight challenge film reality behind far.,SupplierY,,
52056239,Contraption,394.8,Electronics,30,BrandD,For cause term become represent American.,SupplierX,3 years,Limited
54459571,,54.05,Books,40,BrandB,Region upon both board story perhaps similar.,SupplierY,3 years,In Stock
58690499,Contraption,,,6,BrandC,Performance but country discussion both what.,SupplierX,,Limited
37459451,Thingamajig,83.49,Books,89,BrandB,Half investment decade clear me.,SupplierX,1 years,In Stock
72095126,Doohickey,213.48,Electronics,57,BrandB,Natural seek green few though tree field.,SupplierY,1 years,Out of Stock
19650173,Whatchamacallit,150.97,Grocery,67,BrandB,Fish or yeah future family order.,SupplierZ,2 years,Limited
76532832,Thingamajig,478.88,Grocery,4,BrandC,Mr shake fine each. Drive hair likely plan.,SupplierY,3 years,In Stock
,Thingamajig,379.1,Home,97,BrandD,Kind camera article fund sure.,SupplierY,1 years,Out of Stock
72711200,Gadget,271.28,,58,BrandA,Before him training course Republican rule.,SupplierY,2 years,In Stock
52870521,Doohickey,229.87,Toys,,BrandC,Since describe feeling.,SupplierY,2 years,Limited
23878310,Contraption,307.69,Grocery,,,Shoulder could population moment.,SupplierZ,3 years,Out of Stock
24497916,,210.5,Home,92,BrandB,Stage start yourself through special those.,SupplierX,1 years,Limited
50204298,Widget,,Home,56,BrandA,Garden bill ever. Despite then international.,SupplierY,1 years,Out of Stock
46154446,Doohickey,38.3,Clothing,16,BrandC,Resource impact dark painting area.,SupplierY,2 years,In Stock
38078361,Thingamajig,94.72,Toys,38,BrandD,Fight deep ok very role eye.,SupplierZ,1 years,In Stock
60785114,Thingamajig,367.47,Electronics,28,BrandA,Age trouble house everyone them.,SupplierX,3 years,
74852567,Widget,65.73,Books,57,,Themselves three final cost.,SupplierX,3 years,Limited
38319792,Doohickey,53.7,,52,BrandD,Support difference travel green.,SupplierY,3 years,In Stock
51055813,Gadget,108.77,Electronics,75,BrandB,His song several information animal could style.,SupplierY,1 years,In Stock
37070113,Widget,308.77,Clothing,87,,,SupplierX,,
50524723,Gadget,479.17,Toys,7,BrandB,Even heavy look clearly color begin.,SupplierZ,2 years,In Stock
73981152,Widget,483.62,Clothing,60,BrandA,Week turn and community there beautiful east.,SupplierY,1 years,Limited
39049032,Widget,458.41,Home,43,BrandD,Option throughout through society card.,SupplierZ,2 years,Out of Stock
19150710,Thingamajig,125.3,Toys,,BrandD,Mouth build assume that consumer.,SupplierZ,1 years,In Stock
2567723,Widget,201.51,Toys,91,BrandD,Market general campaign far stand choice school.,SupplierY,3 years,In Stock
,,419.38,,40,BrandA,Art nice film example our science.,SupplierY,3 years,
50525201,Gadget,163.94,Books,,BrandC,Cultural become option hear. Economy ok grow.,SupplierX,1 years,Out of Stock
32959697,Gadget,365.93,Toys,96,BrandA,National poor so doctor fact author hit.,SupplierX,3 years,
96826423,Contraption,,Clothing,94,,Act quite carry program part.,SupplierX,1 years,Limited
43427697,Thingamajig,470.76,Grocery,91,BrandA,Arm today before final.,SupplierY,2 years,Limited
,Doohickey,168.63,Books,37,BrandC,Me media huge should strong point relationship.,SupplierX,1 years,
,Gadget,309.5,Home,1,BrandB,Go star success know suffer rise.,SupplierY,1 years,Out of Stock
15701916,,138.37,Clothing,93,BrandC,Local perhaps western do find sign Mr.,SupplierZ,3 years,In Stock
57623689,Whatchamacallit,101.65,Clothing,30,,War nice performance bad Mrs.,SupplierX,1 years,Limited
7484537,Gadget,464.12,Grocery,80,BrandD,Peace public fly together give old important.,SupplierZ,3 years,Limited
85276918,Gadget,394.35,Grocery,53,BrandD,Well everything should color.,SupplierZ,2 years,In Stock
,Gadget,15.32,,36,BrandA,Everything community bit.,SupplierY,3 years,
57191638,Doohickey,487.32,Grocery,23,BrandB,Which per until stay case success.,,,In Stock
37541637,Thingamajig,63.84,Home,21,BrandB,,SupplierX,3 years,Out of Stock
86118972,Thingamajig,238.37,Toys,37,BrandD,Son notice trip trade no agent million will.,SupplierX,3 years,Out of Stock
529,Contraption,83.2,Grocery,76,BrandB,Week report any including two image.,SupplierX,3 years,Limited
17892070,Doohickey,237.4,Toys,40,BrandB,Again finally marriage money subject argue.,SupplierY,,Out of Stock
32961010,Gadget,336.1,Toys,21,BrandB,Wind but become as.,SupplierZ,3 years,Limited
47085152,,227.35,Grocery,,BrandB,Material music gas matter.,SupplierX,2 years,Out of Stock
22542304,,174.13,Clothing,37,BrandC,Look again leader important coach where.,SupplierY,3 years,Out of Stock
71296838,Whatchamacallit,440.36,Clothing,51,BrandC,Very old evening beat west idea yard.,SupplierY,2 years,Out of Stock
12092161,Gadget,79.9,Grocery,63,BrandA,On necessary which PM dream suffer training.,SupplierY,3 years,In Stock
22752482,Whatchamacallit,86.8,Clothing,47,BrandC,Grow drive main computer production.,SupplierY,2 years,Limited
39995810,Doohickey,16.89,Home,76,BrandD,Car much recent wonder team decide fast capital.,SupplierX,3 years,In Stock
26059839,Doohickey,415.54,Electronics,85,BrandC,Who like parent cause already keep carry little.,SupplierX,1 years,Out of Stock
50613656,Thingamajig,399.25,Toys,87,,Card significant position up.,SupplierX,2 years,Limited
27045879,Doohickey,37.37,Books,93,BrandD,Class town collection important whose.,SupplierY,1 years,Limited
81408832,Widget,49.62,Electronics,89,BrandC,,SupplierX,2 years,Out of Stock
58717295,Widget,18.32,Grocery,77,BrandD,Official agree who hard your seven.,SupplierY,3 years,Limited
18870121,,337.27,Toys,52,,Game hit when yard figure situation picture.,SupplierZ,3 years,Out of Stock
41401453,Contraption,444.42,Grocery,6,BrandA,Three others someone begin father.,SupplierX,2 years,
91395900,Contraption,178.29,,99,BrandA,Any majority forget. Cold get character of.,SupplierZ,,
10109892,Widget,72.73,Grocery,23,BrandA,,SupplierX,1 years,In Stock
,Contraption,425.61,Clothing,31,,Major situation through building.,SupplierY,2 years,In Stock
42995890,Thingamajig,314.98,Clothing,75,BrandD,Risk discuss act require night a operation staff.,,1 years,Out of Stock
96197059,Thingamajig,380.07,Electronics,21,BrandA,Act amount morning standard pretty.,SupplierZ,3 years,Out of Stock
51707316,Whatchamacallit,191.8,Electronics,38,BrandA,Consider up house politics challenge among.,SupplierZ,2 years,Out of Stock
57914596,Thingamajig,376.34,Toys,84,BrandA,May responsibility stuff so.,SupplierY,1 years,In Stock
81529971,Widget,415.87,Home,27,BrandB,Cost long beautiful go wonder reduce.,SupplierX,3 years,Limited
53564917,Whatchamacallit,335.66,Toys,86,,Situation service to garden.,SupplierZ,3 years,Out of Stock
11546085,Whatchamacallit,318.23,Books,,BrandC,Tough together table best nice.,SupplierY,1 years,In Stock
66436546,Thingamajig,81.77,Toys,60,BrandB,Matter expect could technology fill officer our.,SupplierY,3 years,Limited
52364679,Widget,471.3,Books,62,BrandB,Success rock away those quickly away might this.,SupplierY,1 years,Limited
7863011,Contraption,365.27,Electronics,20,BrandC,Road dream summer.,,1 years,Limited
68819088,Contraption,178.31,,64,BrandA,Go wrong big heart whether break.,,2 years,Out of Stock
,Widget,144.8,Books,65,BrandD,Country development those house could glass.,,1 years,In Stock
42006626,,457.27,Clothing,92,BrandD,Protect much matter exactly off let.,SupplierY,3 years,
,Doohickey,376.7,Home,19,BrandD,Draw interest if participant.,SupplierY,1 years,In Stock
65948835,Thingamajig,97.7,Electronics,24,BrandA,,SupplierX,3 years,Limited
,Whatchamacallit,,Clothing,92,BrandB,Call respond ahead arrive. Network sing yeah.,SupplierX,3 years,Out of Stock
91048431,Thingamajig,247.52,Electronics,,BrandB,Hope four group walk bring.,SupplierZ,,Limited
63112924,Gadget,180,Grocery,24,BrandC,Car candidate thus your voice discussion.,SupplierX,2 years,In Stock
37766139,Whatchamacallit,257.29,Clothing,22,BrandB,,SupplierX,2 years,In Stock
29758159,Doohickey,454.98,Books,,BrandD,Spring challenge education whether.,SupplierX,3 years,In Stock
22135803,Widget,31.88,Grocery,33,BrandA,Financial point foot popular base.,,2 years,Limited
58977392,Gadget,183.83,Grocery,84,,Very position dinner.,SupplierX,3 years,In Stock
45883712,Thingamajig,343.54,Toys,61,BrandB,He guy blue radio such lawyer mother.,SupplierY,1 years,Limited
,Gadget,,Books,56,,Exactly activity important explain.,SupplierZ,3 years,Limited
51940126,Thingamajig,459.48,Grocery,8,BrandB,Just attorney same point land.,SupplierZ,,Limited
26508191,Widget,361,Clothing,47,BrandB,,SupplierZ,2 years,Out of Stock
44466497,Doohickey,347.31,Home,26,,Fire understand civil have expect foreign while.,SupplierZ,,Limited
86953245,Whatchamacallit,428.94,Toys,25,BrandA,Local enter safe gas financial.,,,Out of Stock
50606733,Widget,445.5,Toys,86,BrandC,Child happy fly kitchen generation wind.,,1 years,In Stock
81570539,,302.71,Toys,96,BrandB,Dark owner become large.,SupplierZ,2 years,In Stock
27659052,Whatchamacallit,364.25,Toys,53,BrandB,Everybody group power under.,,2 years,Limited
60432346,Gadget,235.47,Books,43,BrandD,Seek be quickly room.,SupplierZ,3 years,In Stock
22166593,Whatchamacallit,492.46,Home,69,BrandC,Western defense officer blue detail individual.,SupplierZ,1 years,In Stock
26263151,Widget,350.83,Clothing,41,BrandD,Hotel site from land owner conference speak ball.,SupplierZ,2 years,Limited
89056547,,319.47,Grocery,51,BrandC,But serious you federal account fish.,,2 years,Out of Stock
22708724,Contraption,121.43,Grocery,47,BrandD,When assume kind personal.,SupplierX,1 years,In Stock
97642985,Gadget,316.84,Books,60,BrandC,Watch even once adult girl us before.,SupplierZ,1 years,In Stock
64638782,Widget,,Grocery,84,BrandB,Price do the language democratic fire.,SupplierZ,3 years,Out of Stock
,Contraption,40.96,Books,60,BrandC,Food east early parent.,SupplierX,,In Stock
,Doohickey,460.8,Home,70,BrandA,Ground campaign open across food sometimes.,SupplierZ,1 years,Limited
50808311,Widget,39.73,Electronics,,BrandB,Physical green which also technology within.,SupplierX,2 years,
74714971,Widget,301.7,Clothing,64,BrandB,Join never mother opportunity give rise pass.,SupplierY,1 years,Out of Stock
7366482,Whatchamacallit,,Clothing,2,BrandB,Future them beat despite bad.,SupplierY,2 years,In Stock
69665547,Thingamajig,446.58,Home,86,,Reason same would phone.,SupplierZ,1 years,Out of Stock
69275036,Whatchamacallit,361.39,Grocery,52,BrandD,Hundred seek several game throughout fight.,SupplierX,1 years,
96310434,Gadget,51.41,Home,13,BrandB,We nice so indeed company against human.,SupplierZ,1 years,
29750085,Thingamajig,75.59,Clothing,25,BrandA,,SupplierZ,1 years,In Stock
3866948,Doohickey,256.46,Toys,21,BrandD,Simply dream mouth. Week best reveal.,SupplierY,2 years,Out of Stock
,Whatchamacallit,74.7,Grocery,15,BrandC,Answer mention between suddenly.,SupplierZ,1 years,Out of Stock
83946561,,,Home,91,BrandB,Including even deal property help others.,SupplierX,1 years,Out of Stock
78549487,Widget,58.6,Grocery,72,BrandC,Fight particularly staff American total.,SupplierX,1 years,Limited
43466245,Doohickey,152.74,Toys,7,BrandC,,SupplierZ,1 years,In Stock
,Whatchamacallit,417.97,Home,15,BrandA,Thank audience then result number.,SupplierX,1 years,Limited
46553331,Thingamajig,262.33,Home,73,BrandC,Fish cost visit film recently campaign sound.,SupplierY,2 years,Out of Stock
,Whatchamacallit,425.51,Clothing,28,BrandA,Tax paper instead always.,SupplierX,,Limited
86477901,,78,Toys,97,BrandD,Bag apply the statement however may.,SupplierY,3 years,
43008186,,296.9,Home,,BrandD,,SupplierY,1 years,Limited
,Thingamajig,186.39,Electronics,27,BrandD,Partner parent great order happen.,SupplierZ,1 years,Limited
61362772,Widget,486.8,Toys,33,,Guess southern position join thought admit.,SupplierY,3 years,Limited
47375710,Widget,,Home,66,,,SupplierY,2 years,In Stock
47029453,Thingamajig,220.49,Grocery,67,BrandB,Pull country charge car. Six thing remain.,SupplierX,,Out of Stock
1318975,Doohickey,180.63,Books,53,,Right leader maintain environmental.,SupplierZ,3 years,Limited
37481445,Whatchamacallit,291.89,Books,6,,Audience which wife moment bed.,SupplierX,3 years,
64434414,Contraption,64.6,,39,BrandC,Service room approach unit size development.,SupplierX,1 years,Limited
44971892,Contraption,134.62,Electronics,7,BrandC,,SupplierY,2 years,Limited
92504516,Gadget,246.64,Clothing,13,BrandB,Many central modern music choice.,,3 years,
30451544,Thingamajig,95.9,Home,83,BrandC,And any today fight.,SupplierY,2 years,In Stock
32674651,Doohickey,451.27,Grocery,13,,Manage travel add fact.,SupplierZ,1 years,In Stock
,Contraption,206.02,Books,52,BrandC,Fill place student rule energy.,SupplierX,2 years,Out of Stock
98009633,Doohickey,424.11,Electronics,89,BrandC,Herself mouth movement sign respond.,SupplierY,2 years,Out of Stock
37685027,Widget,245.5,Books,60,,Medical learn live someone week risk need tax.,SupplierZ,3 years,Limited
40263670,Contraption,475.87,Books,97,BrandB,Structure summer benefit thus.,SupplierZ,3 years,Limited
19549941,Widget,479.59,Home,25,BrandB,Too today exactly environmental be method seem.,SupplierY,3 years,Limited
39074843,Doohickey,21.1,Books,7,BrandD,Animal national term begin.,SupplierY,2 years,Out of Stock
,,294.56,Books,,BrandC,If commercial if try today model safe main.,SupplierX,3 years,Limited
43093892,Gadget,267.19,Toys,19,BrandA,Energy raise interesting food.,SupplierZ,,
37449513,Doohickey,362.14,Toys,33,BrandD,Woman wife game around score outside.,SupplierZ,1 years,Limited
74302635,,441.95,Grocery,68,BrandB,Star goal course million feel reason.,SupplierX,3 years,In Stock
29107957,Widget,61,Grocery,10,BrandA,,SupplierY,1 years,In Stock
,Widget,192.01,Toys,78,BrandA,Me health clear add.,SupplierY,2 years,Limited
56454284,,306.09,,67,BrandA,Writer improve nothing talk.,SupplierZ,2 years,Out of Stock
82163587,Contraption,72.84,,81,BrandA,Firm man win collection southern same.,SupplierZ,1 years,Limited
36762729,Doohickey,277.45,Books,61,BrandA,Young myself realize man visit marriage.,SupplierX,2 years,Out of Stock
30376083,Thingamajig,31.35,Grocery,44,,Project message provide yet such.,SupplierY,1 years,In Stock
,Whatchamacallit,306.94,Grocery,64,BrandA,Main from its together south growth.,SupplierY,3 years,Limited
48879033,Thingamajig,232.41,Books,66,BrandB,Care visit capital various board arrive.,SupplierY,,In Stock
57833651,Contraption,240.72,Electronics,91,BrandD,Team democratic soldier argue here firm.,SupplierX,3 years,In Stock
22206664,Thingamajig,282.75,Home,89,BrandC,Threat democratic account.,SupplierY,2 years,Out of Stock
17140041,Whatchamacallit,279.35,,41,BrandA,Imagine case agency military.,,2 years,Out of Stock
66930266,Doohickey,110.15,Home,57,BrandC,,SupplierX,1 years,Out of Stock
32443912,Widget,95.64,Toys,88,BrandB,For enjoy modern short.,SupplierX,,Out of Stock
2229119,Doohickey,176.5,Toys,70,BrandB,Special art follow live.,SupplierZ,3 years,Limited
45933547,Thingamajig,333.2,Books,85,BrandB,Team main little resource put hot ball.,SupplierX,1 years,In Stock
,Whatchamacallit,205.47,,13,BrandB,Never play either team. Challenge bed town guy.,,2 years,Limited
36113675,Thingamajig,94.48,Grocery,,BrandC,More those our thought without improve.,SupplierY,3 years,
47803589,Thingamajig,315.8,Grocery,69,BrandB,Fish Mrs often crime position growth evening.,SupplierZ,2 years,In Stock
89758533,Doohickey,75.61,Toys,18,,Road above child. Make reality back.,,3 years,Limited
53949509,Contraption,463.1,Clothing,69,BrandB,Particular nation spring.,SupplierZ,3 years,In Stock
44903848,Gadget,110.84,Home,64,BrandD,Economic pattern continue air.,SupplierX,3 years,Limited
50299997,Contraption,292.48,Home,46,BrandB,Tax bag act success.,SupplierX,3 years,In Stock
1377477,Gadget,177.95,Toys,8,BrandC,,SupplierZ,1 years,Out of Stock
90013997,Thingamajig,,Electronics,3,BrandC,On fact major appear address.,SupplierY,,In Stock
95051512,Whatchamacallit,,Toys,63,,Language could go mother.,SupplierX,1 years,Limited
53545633,Widget,376.66,Toys,5,BrandB,Skin name small individual down often she.,SupplierZ,1 years,
42824688,Whatchamacallit,398.9,Home,1,BrandB,Return product social south song natural group.,SupplierX,3 years,Limited
94870152,Thingamajig,227.92,Toys,,BrandA,,SupplierY,,Limited
60223135,Gadget,32.69,Toys,33,BrandD,Probably concern group see building.,SupplierX,2 years,In Stock
18736427,,,Clothing,58,BrandB,Represent other machine law not others.,SupplierY,,Limited
30405899,Thingamajig,343.06,Clothing,,BrandC,,SupplierY,,Out of Stock
47111080,,377.51,Toys,20,BrandA,Better financial attorney. Size help which both.,SupplierY,3 years,In Stock
24977166,Contraption,177.15,Clothing,50,BrandB,,SupplierX,2 years,
95292519,Contraption,295.8,Electronics,77,BrandD,Smile present technology hour response you star.,SupplierY,2 years,Out of Stock
24148313,Gadget,449.57,Toys,1,BrandB,Let might whatever wind.,SupplierZ,2 years,In Stock
65961841,,,Books,48,BrandB,,SupplierX,2 years,Out of Stock
22695161,Doohickey,162.15,Home,,BrandC,,,3 years,In Stock
39868923,Gadget,206.59,Books,9,BrandD,Throw decide bank water.,,3 years,Out of Stock
7464904,Thingamajig,234.65,Home,93,BrandC,,SupplierY,1 years,Out of Stock
7846380,Thingamajig,160.06,Clothing,89,BrandB,,SupplierZ,3 years,In Stock
31746625,Whatchamacallit,313.61,Grocery,85,BrandA,Way person science heart let.,SupplierZ,2 years,In Stock
67610082,Doohickey,313.19,Electronics,10,,Stage truth turn religious we three stage.,SupplierZ,1 years,Limited
,Widget,300.48,Home,86,BrandC,Wait rise debate election wife half their.,SupplierX,3 years,Limited
44184513,Doohickey,371.22,,94,BrandC,Resource head save article nearly money.,SupplierZ,2 years,Limited
2629346,Widget,,Home,82,BrandC,Everybody despite best way TV charge.,SupplierX,,Out of Stock
,Gadget,430.58,Toys,83,BrandC,Federal me almost shoulder quality.,SupplierZ,1 years,Out of Stock
66980223,Doohickey,,Home,65,BrandA,Husband reach action plant.,SupplierX,2 years,In Stock
14983283,Whatchamacallit,414.23,Grocery,5,BrandD,Over line specific concern.,SupplierZ,3 years,
39732514,Gadget,379.59,Grocery,27,BrandB,Level form join glass.,SupplierY,2 years,Limited
91949264,,,Toys,85,BrandD,Difference voice west account.,,2 years,Out of Stock
65000915,Contraption,377.79,Electronics,33,BrandB,Instead specific record ability chance.,SupplierX,2 years,Limited
74380541,Gadget,389.93,Books,84,BrandC,So chance far these.,SupplierY,2 years,Out of Stock
42248132,Contraption,425.83,Books,57,BrandB,Why general lawyer environmental worry most.,SupplierX,3 years,Limited
27766576,Widget,160.22,Home,24,BrandC,Involve top then character through film.,SupplierY,3 years,In Stock
31067980,Widget,127.96,Home,26,BrandC,Recent measure story close bill during.,SupplierX,,Limited
71882369,Thingamajig,68.14,Books,65,BrandB,Box rise ago have action.,,1 years,In Stock
86351232,Thingamajig,66.3,Books,19,BrandC,True director by organization heavy.,SupplierZ,,
74524396,Widget,333.69,Toys,,BrandB,Moment throw professional eye likely hotel gas.,SupplierZ,1 years,In Stock
96426562,Thingamajig,,Books,45,BrandB,Natural personal out collection which.,SupplierY,3 years,Limited
23623439,Widget,130.04,,50,BrandD,President attention several most.,SupplierX,2 years,Out of Stock
12893386,Contraption,280.81,Grocery,76,BrandA,Culture put memory property election book.,SupplierX,3 years,In Stock
27662328,Thingamajig,243.8,,60,BrandC,Month usually can early least full run news.,SupplierZ,3 years,Out of Stock
36827770,,286.49,Home,79,BrandB,Senior sign billion. Source industry or late.,SupplierZ,1 years,Out of Stock
60251961,Gadget,,Grocery,58,BrandD,Audience television what hot high election.,SupplierY,2 years,Limited
53460882,Whatchamacallit,355.64,Books,,BrandB,Movie doctor take case camera someone paper.,SupplierY,3 years,Limited
14493140,Gadget,41.89,Grocery,17,BrandC,Civil be policy machine soon or.,SupplierX,2 years,In Stock
12376735,Contraption,298.22,Clothing,43,,,,3 years,In Stock
55244558,Gadget,169.91,Grocery,34,BrandC,,SupplierX,1 years,Out of Stock
58525005,Whatchamacallit,278.07,Clothing,,BrandC,Old front discussion smile.,SupplierY,3 years,Out of Stock
75427900,Gadget,447.29,Clothing,33,BrandB,Wall spring exist his result.,SupplierZ,3 years,Limited
78625358,Gadget,195.42,Toys,,BrandB,,,2 years,Out of Stock
36869541,Contraption,260.63,Books,3,,Choice maybe respond pretty use cover.,SupplierY,1 years,
82621674,Whatchamacallit,457.43,Electronics,31,BrandA,Her already as.,SupplierX,1 years,Limited
75248420,,79.95,Clothing,1,BrandD,American must huge day source key now.,SupplierY,2 years,Out of Stock
89788509,Thingamajig,350.31,Home,68,BrandB,From people process. Who within radio suddenly.,SupplierZ,3 years,In Stock
76300240,Thingamajig,,Home,46,BrandA,Time conference mission certain.,SupplierZ,3 years,
82450052,Contraption,429.32,Toys,59,BrandD,Purpose little reason color huge.,SupplierZ,2 years,Limited
35066835,Whatchamacallit,139.47,,54,BrandD,Bed response PM difficult.,SupplierY,1 years,
3177822,,283.49,Clothing,27,BrandC,Box film stand.,SupplierZ,3 years,In Stock
27314548,,413.54,Books,69,BrandC,Nature detail message pretty argue knowledge.,SupplierZ,1 years,Limited
86187787,Contraption,206.69,Home,78,BrandC,Represent but take scene.,SupplierY,2 years,In Stock
64630687,Thingamajig,71.13,,80,BrandA,,,1 years,
77062727,Doohickey,313.2,Toys,49,BrandB,Culture bar change technology growth as discuss.,,3 years,In Stock
37904074,,51.8,Electronics,6,BrandA,Simple piece machine cultural.,SupplierZ,1 years,Out of Stock
41390900,Doohickey,227.12,Clothing,10,BrandD,Law investment somebody society.,SupplierZ,2 years,In Stock
88878799,,40.34,Electronics,38,BrandC,Laugh condition live hand else reason body break.,SupplierZ,2 years,
42765912,,32.72,Electronics,23,BrandC,Together family describe by model old.,SupplierY,2 years,In Stock
40836782,Doohickey,310.29,Grocery,28,BrandC,Each answer their help fact.,SupplierX,2 years,
83742187,Contraption,248.31,Toys,54,,Manage beat according four military laugh.,SupplierY,1 years,Limited
58123690,Contraption,,Electronics,40,BrandB,Appear miss expert worker choice challenge.,SupplierX,1 years,
4775980,Contraption,120.18,Books,49,BrandB,Voice your she tonight apply church body million.,SupplierY,2 years,In Stock
16170858,Whatchamacallit,81.41,Grocery,60,BrandA,Fast worker serve however shoulder.,SupplierZ,2 years,Limited
48312677,Whatchamacallit,476.32,Home,63,BrandC,Ahead them work charge less unit.,SupplierZ,2 years,Limited
67650101,,95.31,Books,48,,Camera decision catch above.,SupplierZ,3 years,In Stock
49127805,Contraption,,Clothing,70,BrandC,Visit knowledge nor hold military.,SupplierZ,2 years,In Stock
56488210,,379.13,Home,76,BrandD,Pull laugh of Mrs pretty form officer.,SupplierZ,3 years,Out of Stock
30915886,Widget,,Home,22,BrandA,Mission can culture blue machine pick.,SupplierY,2 years,Out of Stock
73835516,Doohickey,50.26,Books,71,BrandC,,SupplierY,1 years,Out of Stock
28583189,Whatchamacallit,361.68,Clothing,94,BrandC,Sister organization last Mrs artist upon.,,1 years,Limited
17014076,Thingamajig,387.55,Electronics,29,,Change someone out attack nearly.,SupplierY,3 years,In Stock
99235956,Whatchamacallit,383.68,Clothing,28,BrandD,,SupplierZ,,
11146759,Doohickey,21.74,Clothing,40,BrandC,Other offer enjoy some.,SupplierX,1 years,In Stock
71020532,Widget,187.22,Books,13,BrandA,Huge say summer international including general.,SupplierY,3 years,Limited
82739669,Whatchamacallit,385.82,Grocery,63,BrandB,Growth pretty season really most response.,SupplierY,2 years,Out of Stock
23065222,Doohickey,247.25,Electronics,74,BrandD,Ask into everyone second executive.,SupplierZ,1 years,Out of Stock
56994476,,13.34,Toys,74,BrandB,Six arrive center high.,SupplierY,3 years,Out of Stock
92161252,Thingamajig,211.28,Electronics,69,BrandC,People reflect mind arm myself center.,SupplierZ,2 years,Out of Stock
23930353,Widget,272.62,,12,BrandD,Environmental right cell.,,3 years,In Stock
64364797,Doohickey,408.68,Grocery,100,BrandD,Firm room where office member black space.,,2 years,
51561000,Whatchamacallit,236.92,Toys,19,BrandB,Education article note turn early.,SupplierY,1 years,Out of Stock
67617500,Whatchamacallit,300.57,,39,BrandC,Language face could natural painting theory.,SupplierY,1 years,In Stock
99659257,,104.61,Grocery,60,BrandA,Truth reach lay deal run trade owner.,SupplierZ,1 years,In Stock
52963742,Widget,351.99,,81,BrandD,Rest yet finally think drive.,SupplierZ,,Out of Stock
21727917,Doohickey,443.86,Grocery,17,BrandC,Herself there western.,SupplierX,2 years,In Stock
1455885,Thingamajig,148.76,,,BrandC,Money language well skill.,SupplierY,3 years,Limited
56433210,Doohickey,446.57,Home,65,BrandA,Southern threat region leader.,SupplierX,1 years,
1144680,Contraption,,Grocery,97,BrandD,Stand simple suffer entire short opportunity.,SupplierX,,Out of Stock
64951300,Widget,348.84,Clothing,95,BrandC,Health personal point after.,SupplierX,3 years,Out of Stock
74278343,Whatchamacallit,371.06,Clothing,70,,Relationship marriage again blood may hour.,SupplierZ,1 years,In Stock
89630532,Contraption,235.56,Toys,59,BrandC,Return room degree traditional laugh.,SupplierY,1 years,In Stock
51941116,Widget,102.43,Clothing,39,BrandA,Stock long apply blue end area team.,SupplierZ,3 years,Out of Stock
7845772,Contraption,217.72,Home,46,BrandA,Sea special rule everything.,SupplierX,3 years,Out of Stock
720885,Gadget,468.46,Toys,86,BrandC,Executive available raise main side.,SupplierZ,,Limited
36455539,Whatchamacallit,85.27,Books,50,BrandB,Involve instead away several buy.,SupplierY,1 years,Out of Stock
19522098,Contraption,160.24,,,BrandB,Throw body fly down base study majority.,,1 years,In Stock
78225879,Gadget,129.21,Home,38,BrandB,,SupplierY,1 years,In Stock
11432784,Gadget,11.21,Electronics,83,BrandC,Position child couple garden he life.,SupplierX,3 years,Limited
,Gadget,149.7,Toys,96,BrandC,Number across month important.,SupplierZ,2 years,Limited
98456802,Thingamajig,129.88,Toys,15,BrandA,Food book either long.,SupplierZ,1 years,Limited
,Whatchamacallit,290.14,Electronics,89,,Weight I guy.,SupplierZ,1 years,Limited
23030084,Widget,19.23,Grocery,49,BrandA,Talk buy top while development material.,SupplierZ,1 years,Limited
,Contraption,259.42,,,BrandD,Cause may give arrive step television.,SupplierZ,1 years,
38507564,Doohickey,406.18,Electronics,23,BrandA,Recognize perhaps read conference maybe.,SupplierX,2 years,
61193819,Gadget,424.61,Electronics,18,BrandA,Bring tell performance speak system.,SupplierZ,3 years,Limited
862431,Widget,363.46,Home,27,BrandD,Politics with politics bank behind hold.,SupplierY,3 years,In Stock
46085108,Doohickey,313.35,,,BrandD,Thought sing nor education.,SupplierY,1 years,Limited
,Gadget,,Clothing,28,BrandC,Magazine throw keep reach.,SupplierZ,,Out of Stock
85505971,Widget,398.85,Books,51,BrandA,Culture event power sport deal our.,,2 years,
20432034,Doohickey,177.58,Grocery,14,,Produce lead sit tonight pretty pick Mr rate.,SupplierZ,2 years,Out of Stock
,Doohickey,165.57,Home,62,BrandA,,SupplierY,2 years,Out of Stock
25516241,Whatchamacallit,47.95,Clothing,89,BrandA,Family few star would.,SupplierY,3 years,Out of Stock
67444175,Whatchamacallit,303.57,Toys,81,BrandB,Worry get have about shoulder.,,1 years,Limited
88237183,Whatchamacallit,276.46,Home,37,BrandA,Everyone them summer hundred.,SupplierZ,,Out of Stock
46321756,Thingamajig,295.08,,89,BrandC,Owner program animal movie.,SupplierY,1 years,Limited
63719659,Contraption,395.88,Electronics,43,BrandB,Single TV determine letter blue hope hand worry.,SupplierZ,2 years,Out of Stock
,Doohickey,116.44,Grocery,10,BrandB,,SupplierZ,3 years,Limited
18824360,Gadget,234.01,Books,11,BrandB,Sometimes agree keep save also.,SupplierX,1 years,Out of Stock
,Widget,111.35,Grocery,50,BrandA,Hear affect option. Around hot major west just.,SupplierZ,1 years,
65550441,Thingamajig,326.74,Books,12,BrandC,Style serve soldier time yeah movement though.,SupplierY,3 years,Out of Stock
48679701,Whatchamacallit,132.12,Electronics,68,BrandD,Smile exactly within make their.,SupplierX,3 years,Limited
32185362,Doohickey,349.95,Books,73,BrandD,Example maybe begin.,SupplierX,,
20912932,Thingamajig,,,16,BrandD,Tough treat significant argue.,SupplierX,2 years,In Stock
98968640,Gadget,92.24,Books,81,BrandC,Theory food size left price.,SupplierX,3 years,Out of Stock
71123769,Thingamajig,128.51,Grocery,21,,Happy friend sister heavy.,SupplierX,1 years,Out of Stock
38136504,Widget,449.83,Grocery,93,BrandC,Trial method whole agency bed.,SupplierY,2 years,In Stock
42823810,Contraption,180.67,Toys,49,BrandC,Heart live boy produce site senior I.,SupplierZ,1 years,Out of Stock
72786338,Doohickey,35.47,Toys,,BrandC,Particularly drop material environmental.,SupplierX,3 years,Out of Stock
94842111,Thingamajig,108.77,Electronics,,,Conference man middle box. Short girl child word.,SupplierY,2 years,In Stock
60310682,Gadget,368.03,Home,30,BrandB,Clear college window stock sure.,SupplierY,2 years,In Stock
1421101,Doohickey,412.64,Electronics,87,BrandD,Debate wall phone no together information.,SupplierY,,Out of Stock
3059036,Contraption,399.51,Toys,45,BrandA,On election avoid.,SupplierZ,1 years,In Stock
5849598,Whatchamacallit,415.38,Clothing,21,BrandA,Size store even or.,SupplierX,2 years,Limited
20926977,Contraption,337.88,Clothing,80,BrandD,Material wish age purpose reflect foot.,SupplierZ,,In Stock
28292685,Doohickey,479.83,Electronics,29,BrandA,Indeed defense even then image.,SupplierY,3 years,Out of Stock
9614574,Contraption,306.29,Toys,54,BrandA,Sound finally tend fine smile type.,SupplierX,2 years,
92419384,Contraption,455.34,Electronics,18,BrandC,Character land arrive.,SupplierY,2 years,Limited
84656254,Gadget,64.21,Electronics,44,,,SupplierY,1 years,In Stock
93160872,Doohickey,494.01,Books,14,BrandA,In onto individual next.,SupplierZ,2 years,Out of Stock
74443482,Doohickey,124.53,Books,1,BrandA,Role energy job security produce.,SupplierX,2 years,Out of Stock
54156135,Contraption,251.18,Clothing,73,BrandC,Indeed organization rich everyone.,SupplierX,3 years,Limited
63581829,Whatchamacallit,273.43,Toys,,BrandB,News power condition up game thank discuss.,SupplierY,3 years,In Stock
82543051,Contraption,245.46,Electronics,73,BrandD,Commercial anyone way action world.,SupplierY,3 years,
44053512,Gadget,300.61,Toys,17,BrandB,Second affect least training.,SupplierY,3 years,Limited
58204030,Whatchamacallit,,Clothing,34,BrandD,Why sure anything seem into fear carry two.,,1 years,Out of Stock
81330898,Thingamajig,128.47,,88,BrandD,Bill dream would. Can put rule according.,SupplierX,1 years,In Stock
1090611,Widget,182.23,,67,BrandB,,,2 years,Limited
78763395,Thingamajig,256.65,,76,BrandC,Bag chance plan would standard listen.,,,Limited
24133364,Widget,314.05,Books,,BrandA,Lawyer like nothing response news other rule son.,SupplierY,1 years,
63302752,Contraption,98.8,Clothing,47,BrandA,Power could pick over.,SupplierX,2 years,In Stock
66093565,Doohickey,304.69,Home,81,BrandB,Positive happen lead help computer fly.,SupplierX,3 years,Limited
59075820,Gadget,166.21,Clothing,42,BrandC,Soldier also plant where appear vote agency.,SupplierX,1 years,Limited
66054252,Doohickey,337.29,Books,85,BrandD,Sea wife reveal only PM.,SupplierX,2 years,Limited
14843174,,368.43,Home,51,BrandC,Break plant organization ask prove everyone.,SupplierX,2 years,
62881340,,310.83,,12,BrandC,Cup information TV call boy stage star.,SupplierZ,2 years,Out of Stock
32294439,Doohickey,91.52,Grocery,96,BrandC,Call he near nice find policy term need.,,3 years,In Stock
84598943,Widget,165.82,Books,78,BrandD,Pick though open similar like.,SupplierY,3 years,In Stock
96738351,Widget,322.2,Electronics,96,BrandB,Reveal kid happy position someone mind.,SupplierX,3 years,Limited
10893012,Gadget,442.77,Electronics,51,BrandC,,,2 years,Out of Stock
70527599,Contraption,,Books,29,BrandC,,SupplierY,2 years,Limited
37514549,Thingamajig,397.93,Grocery,95,BrandA,At challenge policy card.,SupplierY,3 years,Out of Stock
8851260,Whatchamacallit,399.82,Books,,,Whose compare indeed director trade.,,3 years,Out of Stock
68641887,Contraption,382.58,Toys,56,BrandB,Final require rate.,,3 years,In Stock
,,78.05,Books,87,BrandC,,SupplierX,2 years,Out of Stock
12765102,Contraption,31.2,Clothing,96,BrandA,Wall everyone total individual year admit seven.,SupplierX,1 years,Limited
,Contraption,408.22,Toys,9,BrandA,Prove company year PM machine forget when.,SupplierZ,2 years,Limited
41343067,Contraption,434.24,Clothing,44,BrandC,Away among natural start.,SupplierZ,1 years,Out of Stock
81292523,,414.21,Grocery,95,BrandB,,SupplierZ,3 years,Limited
24746878,Doohickey,214.46,Toys,9,BrandB,Most say difficult detail media hour set.,SupplierX,3 years,Limited
22830913,Doohickey,362.04,Toys,,,Be stage music people soldier phone.,,1 years,Out of Stock
27494653,Whatchamacallit,265.75,Books,53,BrandB,Bad six how artist evening report.,SupplierZ,1 years,Out of Stock
38955037,Thingamajig,175.91,Grocery,8,BrandC,Expect live indicate require.,,3 years,Out of Stock
39243430,Doohickey,284.03,Toys,,BrandA,Special like kitchen involve long.,SupplierY,1 years,Limited
,Widget,272.5,,28,BrandB,Eight blood true pretty fear later old.,SupplierX,,Out of Stock
28987024,Contraption,490.11,Clothing,19,BrandA,Detail spring structure thus.,SupplierZ,1 years,In Stock
16612730,Gadget,112.76,Grocery,33,BrandA,,SupplierY,1 years,Limited
39826831,Gadget,162.42,Books,29,BrandC,Notice chair nor force.,,2 years,In Stock
40492353,Whatchamacallit,453.51,Grocery,77,BrandA,Available another bill risk present.,SupplierY,2 years,In Stock
87876123,Whatchamacallit,490.73,Grocery,55,BrandD,Special idea none side list.,SupplierZ,2 years,In Stock
42871019,Contraption,48.09,Home,89,BrandD,Her how security machine safe consider suddenly.,SupplierY,3 years,
99436155,Widget,86.59,Home,81,BrandC,Open realize near source.,,2 years,In Stock
1243734,Doohickey,313.05,Books,75,BrandA,Republican minute despite drive.,SupplierY,2 years,Limited
71044200,Whatchamacallit,67.71,Toys,48,BrandB,Home man suggest action.,SupplierY,,
15548139,Contraption,111.19,Toys,35,BrandB,Away bad show test fund.,SupplierX,2 years,Out of Stock
74965700,Thingamajig,309.73,Books,37,BrandD,Allow vote more soon shoulder.,SupplierZ,1 years,In Stock
49746815,Doohickey,92.27,Toys,29,,Trade top century dinner down.,SupplierX,1 years,Limited
91561152,Thingamajig,272.84,Home,47,BrandC,Standard once word material.,SupplierX,1 years,Out of Stock
74435661,Thingamajig,284.47,Home,7,,Message her bill never.,SupplierX,3 years,In Stock
52850370,Thingamajig,157.05,Books,49,BrandA,Suggest and southern drop gas.,SupplierY,1 years,Limited
29970759,Contraption,233.6,Grocery,18,BrandC,Drop movie back test. Inside billion space.,SupplierX,3 years,Limited
56029673,Contraption,286.81,,16,BrandD,Something establish need family record.,SupplierY,3 years,Limited
13368982,Contraption,347.53,Grocery,56,BrandC,Throughout tonight so inside animal student ball.,SupplierZ,1 years,Out of Stock
10798393,Widget,39.57,,10,BrandB,Ago kind either question us sit.,SupplierX,1 years,Limited
36335398,Doohickey,,Clothing,99,BrandD,Plan record such prove pull senior center.,SupplierZ,2 years,In Stock
76021015,Contraption,87.56,Toys,,BrandA,Outside ability assume explain property very.,SupplierZ,3 years,In Stock
9451179,,440.23,Electronics,10,BrandB,Sing career describe oil level.,SupplierY,2 years,
85919341,Whatchamacallit,293.42,Toys,99,BrandB,Story week air five across law involve.,SupplierZ,3 years,Limited
46693662,Contraption,485.38,Toys,72,BrandA,Health something music two within.,SupplierX,2 years,Out of Stock
29838288,Doohickey,,Grocery,95,,,SupplierX,1 years,Limited
16404373,Contraption,289.37,Toys,75,BrandA,Compare increase wait quite assume exist.,SupplierZ,,In Stock
87511659,Thingamajig,246.37,Grocery,99,BrandC,Contain both bad control.,SupplierY,1 years,Out of Stock
15791450,Thingamajig,413.52,Home,95,BrandD,,SupplierX,3 years,
88990613,Whatchamacallit,212.54,Grocery,16,BrandD,,SupplierY,2 years,Out of Stock
34217375,,258.67,Home,90,BrandA,Cover research age.,SupplierX,2 years,
63871029,Doohickey,281.66,Books,37,BrandA,Someone popular hard know.,SupplierZ,1 years,Out of Stock
96419809,Widget,299.87,Toys,64,BrandC,Including picture result door law.,SupplierY,,Limited
64443928,Whatchamacallit,487.64,Electronics,91,BrandC,Successful may how eat.,SupplierZ,3 years,In Stock
51936600,Whatchamacallit,202.61,Grocery,3,BrandB,Free show part likely sense affect.,SupplierZ,1 years,Limited
,Doohickey,,Grocery,,BrandD,Business them walk attention sort bill.,SupplierY,,Limited
29977536,Contraption,443.19,,51,BrandA,Town list just war discussion list.,SupplierY,2 years,In Stock
41616239,Gadget,490.11,,97,BrandD,Building century choice bar firm effort someone.,SupplierX,3 years,Limited
96590003,Thingamajig,455.48,Clothing,,,Will range million sign.,SupplierY,3 years,Limited
17603089,Thingamajig,226.47,Books,,,Society time cup available art issue star.,SupplierY,3 years,Limited
59914532,Thingamajig,262.86,Home,44,BrandA,Under say task group loss drug.,SupplierY,1 years,In Stock
10428832,Widget,192.93,Home,96,BrandD,Cultural local Mr remember news.,SupplierX,3 years,Limited
81689309,Contraption,,Books,71,BrandA,Some deal possible feeling society.,SupplierZ,3 years,In Stock
40681252,Whatchamacallit,463.58,Books,31,BrandC,,SupplierY,1 years,In Stock
32659351,Gadget,295.29,Electronics,3,BrandB,Option matter receive white catch out.,SupplierZ,2 years,In Stock
96249345,Widget,301.8,Clothing,66,,They move give within perhaps reality.,SupplierY,3 years,In Stock
76982156,Gadget,417.98,Electronics,80,BrandC,Too stage difference up condition statement.,SupplierY,1 years,Limited
93776318,Widget,156.49,Toys,38,BrandD,Sometimes west coach bed. With day end author.,SupplierY,,Out of Stock
40694399,Gadget,154.89,Home,98,,Up computer could fall professor.,SupplierX,1 years,Out of Stock
45112928,Whatchamacallit,,Electronics,5,BrandA,Part environment share small.,SupplierX,2 years,Out of Stock
96918470,Gadget,107.91,Clothing,99,BrandA,Head social want daughter staff visit.,SupplierX,2 years,Limited
47398566,Widget,397.79,Toys,87,,Certainly something coach to keep.,SupplierY,3 years,Limited
4654674,Whatchamacallit,317.1,Electronics,8,BrandB,Have pull personal voice. Week it ahead mention.,SupplierZ,3 years,Limited
46670977,Widget,22.78,Toys,30,BrandC,Risk then body he.,SupplierZ,2 years,Limited
25942620,Widget,469.31,Electronics,42,BrandA,,SupplierZ,1 years,In Stock
76783609,Widget,184.72,Books,24,BrandD,Rate garden item paper happen.,SupplierY,1 years,Out of Stock
61612709,Gadget,436.26,Clothing,7,BrandD,Discussion professor employee.,SupplierZ,1 years,Out of Stock
34599884,Contraption,267.22,Electronics,8,BrandB,Cause test term organization paper spend attack.,SupplierY,1 years,Out of Stock
83802126,Doohickey,461.56,Toys,87,BrandD,Here seem argue three.,SupplierZ,3 years,Limited
41389102,Doohickey,61.5,Books,62,BrandD,One role happy economic money successful set.,SupplierZ,3 years,Limited
94566703,Gadget,357.35,Electronics,96,BrandB,Difference fact minute Democrat.,SupplierZ,3 years,Out of Stock
56185508,Contraption,122.82,,100,BrandA,Lead pretty store feel language book.,SupplierZ,3 years,Limited
63710977,Doohickey,399.37,Electronics,65,BrandB,Clear fish memory industry physical.,SupplierY,1 years,
18521597,Doohickey,303.81,,2,BrandB,Exist especially heart through people check.,,2 years,Limited
13237745,Widget,349.29,Clothing,45,BrandC,Explain young draw lose explain feeling but.,SupplierY,2 years,Out of Stock
39710116,Gadget,35.51,Toys,45,BrandC,Garden a better indeed baby.,SupplierY,3 years,Out of Stock
11112938,Gadget,471.3,,2,BrandA,Study become the fight break at feel.,SupplierZ,3 years,In Stock
87923988,Contraption,315.25,,24,BrandA,Although who development hear.,SupplierZ,2 years,Out of Stock
21953187,Whatchamacallit,273.95,Books,27,,College cold figure country second image lawyer.,,1 years,Out of Stock
42632726,Doohickey,392.32,,13,BrandD,Fly two wonder under important laugh size.,SupplierX,3 years,In Stock
78486393,,371.67,Books,96,BrandD,,SupplierZ,2 years,Out of Stock
88768960,Whatchamacallit,255.03,Electronics,58,BrandC,Maintain watch short American view how side.,SupplierX,1 years,
25386707,Whatchamacallit,339.32,Home,32,BrandC,Direction consider safe national night employee.,,2 years,Out of Stock
48896078,Doohickey,212.89,Electronics,,,Team evidence then stay Mr send know.,SupplierX,,Limited
27618639,Thingamajig,,Toys,49,BrandD,Meet opportunity maybe near.,SupplierY,1 years,Limited
66631590,,318.7,Clothing,91,BrandD,Avoid particularly one catch present gas.,SupplierY,3 years,Out of Stock
22853080,,178.36,,89,BrandA,Against admit trip significant hour.,SupplierY,1 years,
54468627,Doohickey,290.51,Books,46,,Health response hard put. Statement recent check.,,,In Stock
80224440,Whatchamacallit,95.95,Books,57,BrandA,Until summer character rule test sport ask.,SupplierX,2 years,In Stock
,Thingamajig,431.64,Grocery,61,BrandB,Strategy do process talk grow eat.,SupplierZ,2 years,In Stock
37813604,Contraption,338.82,Clothing,64,,Thought allow that produce.,SupplierY,1 years,
37114015,Doohickey,447.74,Books,45,BrandB,Generation ever argue dark.,SupplierY,3 years,Limited
57595504,,462.1,Toys,42,BrandB,Leader go so.,SupplierZ,3 years,Limited
82644406,Widget,419.83,Clothing,58,BrandB,Hold hair low subject school.,,1 years,Limited
,Doohickey,358.93,Toys,1,BrandA,Study dream scene trial top own practice.,SupplierX,3 years,Limited
12942855,Gadget,349.72,Electronics,59,BrandA,Floor house by data test involve reason.,SupplierY,1 years,In Stock
77891419,Thingamajig,175.99,,,BrandA,Day minute soon allow light newspaper number.,SupplierY,,Limited
39904157,Doohickey,,Books,11,,,SupplierY,2 years,In Stock
52787942,Widget,214.16,Toys,64,BrandB,Much rich dinner answer like agency.,SupplierX,1 years,In Stock
65211908,Widget,,Electronics,84,BrandB,,SupplierY,1 years,Out of Stock
38835841,,81.72,Toys,3,BrandA,Three offer player serious population open paper.,SupplierZ,1 years,In Stock
19907659,Thingamajig,300.77,Home,13,BrandD,Require identify grow. Fast just food early can.,SupplierZ,1 years,
17885690,Thingamajig,320.22,,39,BrandD,Half author act actually mind.,,2 years,In Stock
67303731,Contraption,,Home,13,BrandB,Citizen hope return property ask concern law.,SupplierZ,2 years,In Stock
18263992,Thingamajig,281.44,Electronics,90,,Personal story painting.,SupplierZ,1 years,Limited
92343597,Whatchamacallit,147.48,Electronics,75,BrandD,Season physical set onto others.,SupplierX,2 years,In Stock
29904518,Whatchamacallit,,,,BrandD,Spring issue decision strong citizen.,SupplierY,3 years,In Stock
83105883,Thingamajig,,Grocery,98,BrandC,Human they hair cut Republican.,SupplierX,1 years,Out of Stock
,Contraption,166.63,Clothing,,BrandA,,SupplierZ,1 years,
,Gadget,474.81,Books,98,BrandD,Drug nor lose people soon I.,SupplierX,,In Stock
77374905,Doohickey,104.74,Clothing,,BrandD,Allow town others soldier hundred site blue.,SupplierX,1 years,Out of Stock
63185386,Gadget,234.02,Grocery,34,BrandA,,SupplierY,3 years,Limited
28936480,Whatchamacallit,19.53,Grocery,5,BrandD,Skin already situation process before image Mrs.,SupplierZ,1 years,
11641537,Gadget,451.5,Books,46,BrandD,,SupplierY,1 years,Out of Stock
69993022,Whatchamacallit,351.11,Electronics,,BrandA,Strong budget interesting either them.,SupplierY,1 years,In Stock
59559733,Gadget,87.64,Grocery,92,BrandC,Issue share article end food.,SupplierY,2 years,In Stock
99396596,Doohickey,342.64,Grocery,,BrandA,By animal certainly run Republican of book.,,2 years,Limited
69775666,,464.19,Clothing,83,BrandA,Bed leader cultural month management thing.,SupplierY,1 years,Out of Stock
39222169,Contraption,402.81,Home,18,BrandC,Indeed able actually laugh often let respond.,SupplierY,2 years,Limited
,Thingamajig,178.46,Electronics,78,BrandB,Stop product result information hand.,SupplierY,,
30732971,Contraption,331.73,Clothing,81,,Month how position system.,SupplierZ,3 years,Out of Stock
92552999,Whatchamacallit,19.04,Toys,42,BrandB,Safe choice population particularly.,SupplierZ,3 years,In Stock
91770080,Doohickey,441.83,Clothing,63,,Exist lose mind political difference.,SupplierX,3 years,Out of Stock
80741626,Thingamajig,113.81,Toys,35,BrandD,Kitchen Mr he security return sign.,SupplierX,2 years,Limited
86594189,Contraption,202.23,Clothing,32,BrandC,,SupplierZ,2 years,Limited
89668672,,98.63,Home,87,BrandC,Mention study crime item future participant.,,3 years,Out of Stock
32746778,Widget,52.21,Home,47,BrandC,Tax arrive nice everybody certain character with.,SupplierY,1 years,Out of Stock
33310893,Whatchamacallit,379.05,Home,98,BrandD,Leg discussion worker family fall.,SupplierY,1 years,Limited
79277273,Widget,387.63,Toys,78,BrandD,Upon individual option wide rich find daughter.,SupplierZ,1 years,Limited
90307218,Whatchamacallit,134.49,Grocery,,BrandD,Simple outside she eight.,SupplierX,,In Stock
29294435,Doohickey,201.01,Home,65,BrandA,Reveal job safe from machine machine push less.,SupplierZ,3 years,Limited
47563773,Whatchamacallit,283.93,Books,75,BrandD,Store husband any modern.,SupplierZ,1 years,
92159440,Contraption,234.91,Toys,41,BrandD,Long make these argue recent community bill.,SupplierY,,
43188253,Contraption,,Books,83,BrandB,As teach international now use I benefit.,SupplierY,2 years,Limited
84713193,,422.6,Electronics,84,BrandA,Determine smile across could.,SupplierY,3 years,Out of Stock
8297846,Whatchamacallit,372.99,Toys,79,,Eye board option him of center.,SupplierX,1 years,Out of Stock
85085183,Doohickey,94.78,Grocery,21,BrandC,Side nearly difficult.,SupplierY,1 years,Out of Stock
63970173,Widget,60.43,,99,BrandA,Drive method forget civil.,SupplierX,3 years,Limited
58483565,Widget,480.86,,16,,Three marriage so power.,SupplierY,3 years,Limited
52556098,,252.78,Grocery,97,BrandB,Action effort country visit.,SupplierX,1 years,Out of Stock
86907286,,,Home,14,BrandA,Drop over age himself especially.,SupplierY,3 years,Limited
94113952,Whatchamacallit,213.36,Grocery,77,BrandA,Change student community art wait later.,SupplierZ,1 years,Limited
88658377,,226.09,Clothing,55,BrandC,Many white however summer modern prove.,SupplierY,2 years,Out of Stock
44408251,Gadget,62.49,Toys,82,BrandB,,SupplierX,1 years,
67750665,Thingamajig,379.75,Toys,85,BrandB,Run find either say.,SupplierY,3 years,Out of Stock
71803708,Contraption,115.29,Electronics,27,BrandB,College course change score structure.,SupplierZ,1 years,Limited
79677820,Gadget,394.15,Books,60,BrandA,School poor need when.,SupplierX,3 years,In Stock
69883989,Contraption,75.08,Books,89,BrandD,,SupplierX,3 years,In Stock
81257911,Contraption,,Home,17,BrandB,Charge section stand try.,SupplierZ,3 years,
6821999,Whatchamacallit,135.88,Grocery,93,BrandD,Indicate party resource hundred.,SupplierX,1 years,In Stock
68361525,Gadget,176.2,Grocery,47,BrandA,,SupplierZ,2 years,Out of Stock
10002667,Doohickey,218.55,Clothing,19,,Feel central top think.,SupplierZ,2 years,Limited
26767321,Gadget,312.48,Clothing,62,BrandB,Exist fact mouth charge dark back.,SupplierX,3 years,Limited
59052371,,471.43,Toys,87,BrandC,Avoid discussion market positive material.,SupplierX,1 years,Limited
88726656,Thingamajig,44.61,Home,33,BrandD,Account my evidence year. Page crime light take.,SupplierY,1 years,Limited
68619077,Whatchamacallit,283.01,Grocery,21,BrandA,Upon seat have least act. Kid role green.,,3 years,Out of Stock
95100159,,313.53,Electronics,87,BrandC,Soldier military consumer manager threat federal.,SupplierY,2 years,In Stock
,Gadget,188.96,Home,,BrandB,,SupplierX,2 years,In Stock
80776499,Widget,107.94,Grocery,,BrandC,,SupplierY,2 years,Out of Stock
36005574,Contraption,,Grocery,66,BrandC,Serve party police reveal.,SupplierX,2 years,Limited
26697062,Doohickey,53.8,Books,64,BrandD,Clearly win worker move child carry.,SupplierY,,Limited
39154880,Gadget,461.84,Toys,76,BrandA,Assume watch avoid experience.,,2 years,Out of Stock
21798610,Gadget,449.43,Electronics,98,BrandA,Test traditional at under fast know.,SupplierY,,Limited
96134177,Doohickey,,Grocery,,BrandC,Heavy room raise someone or old.,SupplierY,3 years,
16696167,Contraption,,Books,92,BrandD,Bar protect yeah community short yet many.,SupplierX,3 years,In Stock
76790041,Widget,416.42,,67,BrandB,,SupplierY,1 years,Out of Stock
76161322,Widget,,Books,24,BrandC,Office case a. Prepare six listen risk fast.,SupplierY,,Limited
18470673,Doohickey,464.68,Grocery,1,,Ten a character tough green however shake right.,SupplierZ,1 years,
53782298,Doohickey,258.36,Toys,85,BrandA,Evidence suggest mouth field position human.,SupplierY,2 years,Out of Stock
27481851,,417.92,Home,35,BrandB,Bit world enjoy without represent.,SupplierY,2 years,In Stock
42413554,Gadget,62.16,Books,21,,Middle prove this exist church tell.,SupplierZ,3 years,
80108283,Whatchamacallit,338.14,Clothing,33,BrandD,Require trouble leg possible life both number.,SupplierZ,1 years,Limited
78192515,Doohickey,13.5,Toys,44,,Sell first challenge hot call pressure.,SupplierX,1 years,In Stock
27496596,Doohickey,192.04,,14,BrandA,Result only tend admit they.,SupplierY,3 years,
74673605,,,Grocery,93,,Crime former fight.,SupplierY,2 years,
37568054,Doohickey,429.32,Clothing,62,BrandB,Throughout put current tough.,SupplierY,1 years,Limited
37590567,Doohickey,315.37,Grocery,95,BrandA,Bank guess itself decade impact.,SupplierY,2 years,Limited
17309233,Whatchamacallit,22.57,Books,26,BrandD,Miss report where expert.,SupplierY,2 years,Limited
1050578,Widget,,Clothing,44,BrandC,Ever lot change few. Control author wife.,SupplierY,2 years,Limited
72790670,Gadget,318.42,Books,70,BrandD,Fact grow miss continue.,SupplierZ,2 years,
54088993,Gadget,232.73,Toys,52,BrandD,Contain international fish least and fly best.,SupplierZ,,Limited
22439840,Thingamajig,41.61,Home,2,BrandA,Just thus shoulder. I a TV part onto.,,1 years,In Stock
87374773,Thingamajig,448.72,Clothing,66,BrandA,,SupplierY,1 years,In Stock
77208415,Contraption,443.63,Home,37,BrandA,Individual available cut itself.,SupplierX,3 years,Limited
89952467,Contraption,137.24,Grocery,53,,Sense tough blue would behind red.,SupplierX,3 years,Limited
64025056,Thingamajig,121.37,Toys,33,BrandB,Room full quickly across real.,SupplierZ,1 years,Limited
21676727,Gadget,189.64,Toys,45,BrandD,Number wonder cover require fill age only.,SupplierY,2 years,In Stock
83507991,,82.18,Home,47,BrandB,,SupplierX,1 years,In Stock
81887705,Thingamajig,446.22,Home,60,BrandB,Mr relate bed type.,SupplierZ,3 years,
6285951,Doohickey,430.96,Toys,20,BrandB,Congress country oil just age mention.,SupplierZ,,In Stock
88788982,Widget,262.64,Electronics,63,BrandD,No small per career magazine.,SupplierY,2 years,
83634628,Doohickey,248.3,Electronics,98,BrandC,Good strategy better still scientist TV once.,SupplierY,1 years,In Stock
48854023,Thingamajig,209.5,Electronics,96,BrandB,Concern party race suffer travel discussion.,,3 years,Out of Stock
93873970,Whatchamacallit,497.41,Toys,91,BrandC,Side head affect hair condition affect newspaper.,SupplierZ,3 years,
19030616,Contraption,491.43,Clothing,33,BrandB,Theory matter economic blue.,SupplierZ,3 years,In Stock
18061598,Contraption,163.1,Electronics,37,BrandC,Light letter only money wide walk.,SupplierZ,2 years,Limited
39615756,Doohickey,475.69,Clothing,95,BrandC,Central audience idea production dog.,SupplierZ,3 years,Limited
52705137,Doohickey,198.71,Electronics,,BrandC,Dark least must catch attack improve.,SupplierX,2 years,Limited
39807090,,261.12,Books,34,BrandC,Administration tell force born.,SupplierX,,In Stock
52048609,Whatchamacallit,240.35,Grocery,96,BrandA,Mention certain more effect capital lawyer.,SupplierZ,,Limited
3853184,Contraption,,Books,64,BrandD,Article agree nature level.,SupplierZ,3 years,In Stock
17437257,,278.63,Grocery,,BrandA,Property traditional section build.,SupplierX,1 years,Out of Stock
98289820,Gadget,81.9,Electronics,,BrandC,,SupplierX,3 years,In Stock
96587577,Widget,476.56,,21,BrandC,Hope form to may.,SupplierZ,2 years,In Stock
45431432,Contraption,271.78,Grocery,68,BrandB,Scientist both boy radio all rule course include.,SupplierY,1 years,In Stock
18332452,Contraption,40.23,Clothing,11,BrandC,Street exactly another least.,SupplierY,1 years,In Stock
16569225,Widget,210.84,Home,51,BrandA,Everyone price beautiful.,SupplierY,2 years,Limited
83310669,Widget,253.31,Grocery,94,BrandB,Hear same poor expect fight between traditional.,SupplierZ,3 years,In Stock
58741757,Contraption,149.05,,21,BrandC,Article pressure city yes natural.,SupplierY,3 years,
72102404,Contraption,168.71,Books,90,BrandD,Hundred feel from seem why.,SupplierY,2 years,
,Widget,338.73,Toys,62,BrandA,Standard ever loss those Republican.,SupplierZ,3 years,Out of Stock
,Contraption,83.82,Electronics,67,BrandB,Thought group argue less minute resource.,SupplierY,1 years,Out of Stock
59649236,Gadget,75.5,Clothing,72,BrandB,Best onto exactly always agency.,SupplierZ,2 years,Limited
,Doohickey,330.38,Clothing,86,BrandC,Moment rather anyone themselves.,SupplierY,3 years,Limited
53761,Whatchamacallit,407.21,Books,53,BrandD,Machine measure drop military appear benefit.,SupplierX,2 years,Limited
37887025,Thingamajig,249.68,Clothing,23,BrandD,,SupplierX,1 years,Limited
,Doohickey,448.04,Grocery,57,,Deal the write event maybe national.,SupplierX,1 years,Limited
85999671,Gadget,,Books,36,BrandD,Wall late assume trouble wait.,SupplierX,3 years,In Stock
79916615,Contraption,68.48,Electronics,,BrandA,Probably maybe west.,SupplierX,2 years,In Stock
16789036,,413.5,Electronics,,,Simple his brother from.,,1 years,In Stock
84459954,Doohickey,10.58,,59,BrandB,Senior see student whom.,SupplierX,3 years,Out of Stock
,Widget,149.1,Electronics,28,BrandA,Week example second discuss alone.,SupplierZ,3 years,In Stock
24151092,Gadget,225.61,Grocery,70,BrandC,Stop once name dinner national lead.,SupplierY,2 years,Out of Stock
16219762,Gadget,109.24,Books,67,BrandA,Anything because politics simple.,SupplierY,1 years,Out of Stock
65826218,Widget,185.48,Home,48,,Class see size while.,SupplierZ,2 years,
2402451,Doohickey,94.19,Books,94,BrandB,Only like dinner so expert.,SupplierX,3 years,Out of Stock
36318179,Thingamajig,427.54,Grocery,59,BrandC,Become way coach cup.,SupplierX,2 years,Out of Stock
96783412,Whatchamacallit,,Clothing,96,BrandC,Particular resource guy site drug first.,SupplierY,1 years,Out of Stock
91280466,Doohickey,263.13,Toys,34,BrandD,Be project ready who partner. Good new director.,SupplierZ,2 years,Limited
34684924,Gadget,196.35,Books,77,BrandD,Pm far development citizen garden.,SupplierX,3 years,Limited
87659160,Doohickey,315.92,Electronics,59,BrandB,This time reflect avoid until ago.,SupplierZ,1 years,Limited
67136025,Thingamajig,267.9,,29,BrandB,,SupplierX,2 years,Limited
11488880,Whatchamacallit,189.45,Grocery,78,BrandC,,,3 years,Limited
40117737,Thingamajig,419.88,Clothing,53,BrandA,Law control music team often firm.,SupplierZ,,Out of Stock
89437216,,451.46,Home,48,BrandA,Set fear according play.,,2 years,In Stock
,Doohickey,147.23,,69,BrandC,Ground pattern early use.,SupplierX,1 years,In Stock
42830702,,231.45,Home,46,BrandB,Push southern camera blue can.,SupplierY,,Out of Stock
72085912,Doohickey,57.38,,76,BrandB,Yourself want area. Enough its remember.,SupplierX,2 years,Out of Stock
11511120,Doohickey,199.87,Grocery,86,BrandD,Month land show person trade real image.,SupplierX,2 years,In Stock
93462013,,314.82,,51,BrandC,Alone public team. Admit for full Congress again.,SupplierY,1 years,Limited
51981150,Contraption,65.32,Books,43,BrandD,Box style dog west world well only.,SupplierX,2 years,Limited
,Doohickey,426.2,Clothing,10,BrandA,Discussion any easy study. Not road democratic.,SupplierX,1 years,Limited
81946464,Doohickey,35.22,Clothing,85,BrandB,Positive gas beat charge those half service five.,,3 years,Out of Stock
16632790,Thingamajig,161.02,Toys,13,BrandC,Mrs do good can despite husband different.,SupplierY,2 years,Out of Stock
94518573,Doohickey,231.33,Books,77,BrandB,Scientist upon speech itself nice.,SupplierY,2 years,Limited
12976034,Contraption,234.56,Books,66,BrandD,By low service notice left avoid.,,1 years,In Stock
51605940,,125.23,,13,BrandB,Concern media suggest at actually.,SupplierY,2 years,In Stock
87355659,Contraption,162.41,Books,48,BrandA,Board girl whom make. Us our skin worker.,SupplierX,1 years,Limited
25554519,Gadget,479.28,Toys,29,,Sound safe arm executive guess someone.,SupplierY,2 years,Limited
95804330,Doohickey,54.88,Grocery,76,BrandA,Movement wife who feel second radio their growth.,SupplierY,3 years,Out of Stock
14656590,Thingamajig,308.69,Home,,BrandD,Simple dinner special cup.,SupplierX,2 years,
20359133,Gadget,367.1,Toys,53,BrandD,Car assume area old buy size page bed.,SupplierY,1 years,Limited
3650,Contraption,65.77,Books,96,BrandD,According wide someone will work.,SupplierY,3 years,In Stock
,Contraption,491.72,Electronics,84,BrandB,Activity most old already. Story main analysis.,SupplierZ,,In Stock
85001244,Gadget,461.85,Toys,25,BrandC,There kid each feeling company reason.,SupplierX,3 years,Limited
,Whatchamacallit,229.81,Home,56,BrandA,Big a central on positive Democrat rise.,SupplierY,1 years,Out of Stock
79558976,Whatchamacallit,240.57,Clothing,99,BrandD,The represent scene prove.,SupplierY,2 years,In Stock
,Whatchamacallit,479.25,Clothing,25,BrandB,Section whatever into value take property.,SupplierY,,Out of Stock
69801723,Doohickey,490.57,Books,,BrandD,Spend leader development lot by blood.,SupplierX,2 years,In Stock
93188197,Gadget,421.89,Books,71,BrandB,,SupplierX,2 years,In Stock
14579134,Whatchamacallit,51.52,Toys,,BrandA,Above close role few whatever theory.,SupplierY,,In Stock
73508441,Whatchamacallit,117.99,Toys,58,BrandD,Station role Mrs meeting building case positive.,SupplierY,2 years,In Stock
840101,Gadget,179.46,,59,BrandB,Song fly according manage respond beyond add.,SupplierX,3 years,In Stock
52374111,Doohickey,139.81,,89,BrandC,Tell instead population boy.,SupplierY,1 years,In Stock
91607850,Widget,88.16,Grocery,96,BrandC,Seek second marriage team marriage like air.,SupplierZ,1 years,In Stock
36662586,Widget,463.38,Home,77,BrandA,Suddenly worry fear bag.,SupplierY,2 years,Limited
24763431,Widget,167.97,Toys,62,BrandD,Pretty anyone understand become maybe their.,SupplierX,3 years,
46241610,Thingamajig,153.22,Toys,72,BrandA,Finally investment south common recognize.,SupplierX,3 years,Out of Stock
94206159,,322.93,Clothing,13,BrandB,College yourself cause whole. Score culture huge.,SupplierY,,Limited
423786,,,Clothing,25,BrandD,,,1 years,Limited
66802686,Doohickey,83.26,Clothing,3,BrandC,Individual eight explain population.,SupplierZ,2 years,In Stock
13095710,Thingamajig,197.84,Toys,,BrandD,General friend drive key take woman common.,SupplierX,2 years,
,Widget,112.79,Electronics,39,BrandC,Customer reach trouble condition everybody half.,,2 years,Limited
48329293,Gadget,352.16,Grocery,52,BrandC,Common painting skill study around hotel treat.,SupplierZ,3 years,In Stock
57693774,,342.64,Home,,BrandC,Live throughout perform.,,2 years,In Stock
19993379,Thingamajig,,Clothing,44,BrandA,Enough sense none quality rich.,SupplierY,2 years,Out of Stock
75219550,Contraption,256.22,Clothing,47,BrandB,Leave late son ago mother.,SupplierZ,3 years,Out of Stock
78972155,Thingamajig,208.2,Home,74,BrandC,Half become return body feeling after.,SupplierY,1 years,Out of Stock
,Thingamajig,,Clothing,53,BrandC,Thank air machine trouble what help.,SupplierX,1 years,In Stock
70317206,Gadget,392.05,Electronics,90,BrandB,Hair including always newspaper.,,1 years,Limited
84098320,Gadget,158.71,,,BrandB,,SupplierZ,1 years,Out of Stock
,Whatchamacallit,206.58,Electronics,5,BrandA,Most evidence never production way.,SupplierX,3 years,Out of Stock
20638160,Doohickey,256.52,Books,20,BrandB,Goal hot television enter.,SupplierY,1 years,Out of Stock
67907366,Contraption,157.1,Clothing,24,BrandC,Own worker again else cut.,SupplierZ,2 years,Limited
62229739,Doohickey,379.74,,33,BrandB,Economic note cost.,SupplierX,2 years,Out of Stock
85831926,Thingamajig,100.58,Toys,66,BrandD,However long film think.,SupplierY,3 years,Limited
37321949,Thingamajig,294.13,Home,11,BrandB,Raise inside general though.,SupplierZ,2 years,Out of Stock
20566579,Doohickey,348.15,Electronics,80,BrandC,Some nor meet series various.,SupplierX,1 years,Limited
15129338,Thingamajig,63.28,Clothing,,BrandA,Then without strategy us question big.,SupplierX,2 years,In Stock
,Gadget,22.26,Home,11,BrandB,Whose see near role.,SupplierY,2 years,Limited
66945826,Whatchamacallit,358.49,Books,69,BrandA,,SupplierY,1 years,Limited
14421433,Gadget,174.49,Clothing,19,BrandC,Generation so night poor nor gas clear.,SupplierX,2 years,Limited
91704573,Thingamajig,431.08,,78,BrandC,Response point deal sound suggest.,,2 years,In Stock
70094190,Widget,242.26,Electronics,,BrandA,Involve bit home win hear leader system but.,SupplierX,3 years,
70192872,Widget,175.51,Grocery,,BrandB,Free section large relationship woman.,SupplierY,1 years,Out of Stock
29060078,Gadget,,Grocery,78,BrandB,,SupplierX,3 years,In Stock
6220976,Contraption,348.73,Books,82,BrandB,Individual wait total size you.,SupplierY,3 years,Limited
46842008,Doohickey,344.4,,78,BrandD,Say guy enough media.,SupplierY,2 years,Limited
52024429,Whatchamacallit,390.14,,13,BrandC,Sport range improve fact pay wonder poor strong.,SupplierZ,2 years,Out of Stock
30493452,Contraption,476.64,Books,,BrandB,Brother enjoy message where.,SupplierY,3 years,Out of Stock
57453248,Doohickey,318.17,Grocery,65,BrandB,Not work major responsibility.,SupplierZ,3 years,Limited
53138972,Widget,141.14,Electronics,,BrandA,National ahead eight policy measure red.,SupplierZ,2 years,Limited
81384440,Whatchamacallit,260.53,Toys,56,BrandD,Throw real indeed focus audience.,SupplierX,,Limited
24347716,Gadget,499.21,Home,36,BrandA,Purpose hair provide.,SupplierX,2 years,In Stock
,Doohickey,197.45,Clothing,59,BrandD,After discussion so full still term.,SupplierZ,1 years,In Stock
40609744,Gadget,242.61,,27,BrandD,Against away start.,SupplierY,1 years,In Stock
56383058,Doohickey,,Electronics,,BrandC,Test never loss research agree.,,1 years,In Stock
24888103,Gadget,224.94,Books,,BrandA,Later up run here contain capital type.,SupplierX,1 years,Out of Stock
83722851,Gadget,417.82,Clothing,41,,Personal simply beat medical summer.,SupplierY,3 years,Limited
7331206,Gadget,366.8,Books,,BrandC,Man tonight cell nor heart director.,SupplierX,1 years,Limited
30643727,Widget,90.53,Home,,BrandC,Fire official either our beyond before sort.,SupplierZ,2 years,Out of Stock
68784072,Contraption,436.89,,86,BrandD,Life say cell at task.,,2 years,Limited
,Thingamajig,173.63,,76,BrandC,,SupplierX,1 years,Out of Stock
47185562,Doohickey,42.37,Toys,8,BrandA,While may trip page but.,SupplierY,2 years,In Stock
58540152,Doohickey,406.8,Home,23,BrandB,Blue financial head money then summer town.,SupplierZ,3 years,Out of Stock
15176486,Whatchamacallit,394.87,Electronics,29,BrandC,,SupplierZ,3 years,In Stock
,Thingamajig,107.56,Books,14,BrandC,Only visit will few.,SupplierY,3 years,In Stock
6124700,Gadget,152.72,Grocery,36,BrandB,Situation appear south beat.,SupplierZ,1 years,Out of Stock
53842992,Whatchamacallit,189.7,Home,67,BrandC,Art shake across rate begin both.,SupplierZ,2 years,In Stock
92228375,Widget,,,14,BrandA,Various shoulder beat reach test only skill.,SupplierZ,2 years,Limited
86270090,Doohickey,,Grocery,,BrandD,,SupplierY,2 years,Out of Stock
25296655,Contraption,32.09,,98,BrandD,Away across act material he gas.,SupplierX,1 years,In Stock
,Whatchamacallit,80.88,Electronics,76,BrandB,Religious deep heavy each magazine.,,1 years,In Stock
81649099,Whatchamacallit,363.15,Clothing,5,,,SupplierZ,3 years,Limited
81963225,Doohickey,196.63,Grocery,,BrandD,Another time dinner. Stand education body.,SupplierZ,3 years,In Stock
54707757,Whatchamacallit,302.74,Toys,82,BrandA,Issue partner general war beautiful.,SupplierZ,3 years,Out of Stock
42181286,Gadget,76.72,Clothing,60,BrandB,Movie Congress into story party team game.,SupplierZ,3 years,Out of Stock
86721813,,,Toys,2,BrandC,Right today majority.,SupplierX,3 years,
47529618,Doohickey,104.47,Books,,BrandB,Effort reflect through. Wife church deep top.,SupplierZ,2 years,Limited
71152622,Doohickey,49.12,Books,26,BrandD,Skill include seven use almost word surface.,SupplierY,3 years,Limited
94137903,Doohickey,215.49,Electronics,94,BrandA,Popular girl half street decade sport.,,3 years,In Stock
64516691,,389.31,Electronics,90,BrandC,Dinner walk popular particularly Congress ago.,SupplierZ,1 years,Out of Stock
65775301,Widget,296.38,Electronics,44,BrandC,The score charge decide. Little use car ask.,SupplierY,3 years,In Stock
60275981,Gadget,377.29,Clothing,7,BrandA,Unit discussion common political.,SupplierY,3 years,Limited
36665242,Whatchamacallit,75.46,Clothing,36,BrandC,Production but ability store.,SupplierY,2 years,Limited
53913241,Widget,83.94,Clothing,49,BrandD,Little majority may old reflect claim own.,SupplierZ,3 years,Out of Stock
75700669,,170.17,Grocery,40,BrandD,Human summer soldier worry. Mrs life all billion.,SupplierY,,Out of Stock
69008665,Contraption,420.77,Electronics,,BrandB,Most response situation easy.,SupplierZ,2 years,In Stock
71479729,,170.89,,50,BrandD,To wear my necessary with by. Drop seem of.,SupplierZ,3 years,
35995654,Gadget,100.7,Books,52,BrandA,Tend fall simple organization own.,SupplierX,2 years,Out of Stock
80564126,Doohickey,290.99,Electronics,49,,Trial to suddenly.,SupplierY,2 years,In Stock
2007281,Doohickey,,Grocery,79,BrandB,Remember play care year act.,SupplierX,,Limited
61223066,Thingamajig,419.56,Home,4,BrandB,Some big fire again about physical staff.,SupplierX,3 years,Out of Stock
97801894,Contraption,471.69,Toys,23,BrandC,On week establish stuff prepare eight lose wrong.,SupplierY,1 years,Limited
46370198,Contraption,144.83,Clothing,83,BrandC,Weight ago home challenge back wish benefit lay.,SupplierY,2 years,In Stock
32693577,Gadget,331.02,Books,11,BrandC,Often how politics contain wide trial.,SupplierY,2 years,In Stock
27218655,Doohickey,159.44,Electronics,10,BrandC,Ok skill character energy trade result hit.,SupplierY,1 years,Out of Stock
92408043,,362.61,Electronics,30,BrandB,Give task road. Want watch most instead.,SupplierX,1 years,Limited
88954592,Whatchamacallit,58.5,Toys,90,BrandA,Also detail growth bank bar letter vote treat.,,1 years,In Stock
,Thingamajig,168,Books,88,BrandB,Century news word. Position drop hundred we.,SupplierZ,3 years,Out of Stock
16605923,Doohickey,133.32,Toys,52,BrandC,Conference reveal stuff well result.,,2 years,In Stock
35588931,Doohickey,,Toys,,BrandB,Can brother bar across let send.,,2 years,In Stock
90572128,Gadget,69.33,Grocery,90,BrandA,As act child join store off.,SupplierX,3 years,Limited
40169545,Gadget,68.7,Electronics,,BrandC,Another learn nor strategy.,,1 years,Out of Stock
27562345,Thingamajig,10.31,Grocery,79,BrandA,Listen run inside we interesting southern.,SupplierZ,2 years,Limited
98112616,Widget,287.96,Grocery,,BrandB,Data bar trade staff inside school.,SupplierY,2 years,Limited
14391712,Widget,381.54,Electronics,1,BrandD,Little most subject.,SupplierY,,Out of Stock
33596488,Thingamajig,379.78,Electronics,64,BrandD,Wall central exactly field.,SupplierX,2 years,Limited
84414694,Gadget,477.6,Books,17,BrandB,,SupplierX,3 years,
56390599,Contraption,,Home,98,BrandD,Affect why can music fear a training hundred.,SupplierY,2 years,Out of Stock
38779732,Whatchamacallit,154.09,,58,BrandB,Daughter citizen go. Five those whole else worry.,SupplierX,1 years,Limited
3808399,,237.42,Books,64,BrandA,Head question word.,SupplierY,2 years,Limited
63303384,Doohickey,,Clothing,70,BrandD,Attack defense go onto hard.,,3 years,In Stock
82038557,Contraption,62.4,Clothing,73,BrandD,Throughout product us home rather level station.,SupplierY,2 years,In Stock
4522034,Contraption,243.87,Grocery,53,BrandA,Someone open audience reach last fight create.,SupplierX,1 years,Out of Stock
1961072,Gadget,260.53,Clothing,76,BrandA,Never interest deal.,SupplierX,3 years,Out of Stock
,Gadget,358.79,Books,13,BrandA,Election information way.,SupplierZ,3 years,Out of Stock
4137450,Widget,467.67,Books,34,BrandB,Sort any serve manage like wall.,SupplierY,3 years,In Stock
40403168,Thingamajig,241.34,Home,42,BrandC,Defense million standard age left.,SupplierX,1 years,In Stock
88937090,Contraption,290.2,Grocery,55,BrandB,Majority show tend lawyer.,SupplierX,1 years,Limited
74604470,Widget,229.88,Books,74,BrandB,Foreign enough administration thank.,SupplierX,2 years,In Stock
10166130,,310.24,Electronics,53,BrandA,Summer few fill others moment human.,SupplierY,1 years,Out of Stock
30950252,Thingamajig,232.1,Toys,100,BrandD,,SupplierY,1 years,Out of Stock
26505893,Doohickey,342.09,Grocery,34,BrandB,Woman floor none account similar answer.,SupplierZ,3 years,In Stock
82484798,,181.83,Home,66,BrandA,None choose sister tend indeed stand.,SupplierY,1 years,Out of Stock
54570795,Thingamajig,472.36,Grocery,80,BrandB,Number seek under.,,2 years,Limited
92694545,Contraption,,,90,BrandB,Name later degree choice kid activity can.,SupplierX,3 years,Limited
94588392,Widget,,Home,17,BrandC,Goal window pass another general.,SupplierX,2 years,Out of Stock
69937835,Whatchamacallit,230.96,Clothing,10,BrandA,Coach time factor child. Red others growth floor.,SupplierZ,1 years,
94193367,Thingamajig,,Electronics,94,BrandA,Miss at write rock show feeling speech.,SupplierX,3 years,In Stock
88456447,,227.13,,19,BrandA,But natural situation concern turn.,SupplierY,3 years,In Stock
91251275,Doohickey,93.33,,,BrandD,Mr process number most. Ask these apply.,SupplierY,2 years,Limited
87891553,Contraption,143.12,Grocery,41,,Weight cause civil seek.,SupplierX,2 years,In Stock
84388377,Contraption,57.39,Toys,58,BrandB,Cost lose feel through.,,1 years,In Stock
7739972,Contraption,203.63,Clothing,26,,Return plant whose beyond.,SupplierY,1 years,Out of Stock
24218795,Thingamajig,330.46,Clothing,96,BrandB,Bit stock identify.,SupplierY,2 years,Limited
4392347,Widget,,Electronics,75,BrandB,Bad minute card fight charge.,SupplierZ,3 years,Out of Stock
5782079,Widget,59.95,Toys,46,BrandD,Safe stand stop heart.,SupplierZ,2 years,Limited
24792035,Whatchamacallit,139.3,,98,BrandB,Product national measure whatever.,SupplierX,3 years,In Stock
98067817,Gadget,154.15,Clothing,58,,Reflect often effort occur respond.,SupplierY,3 years,
18111859,Doohickey,372.91,Grocery,41,BrandB,Hear happy small peace main pass.,SupplierX,3 years,In Stock
76250231,Widget,299.27,Grocery,35,BrandA,Series marriage keep up along study.,SupplierZ,3 years,In Stock
65202050,Contraption,153.81,Home,70,BrandD,Line he language identify.,,2 years,Out of Stock
,Doohickey,158.04,,46,BrandC,Begin worker agree call science.,SupplierY,3 years,In Stock
54349285,,367.15,Home,39,BrandB,But knowledge nothing such.,SupplierY,1 years,Limited
25421286,Widget,443.22,Grocery,66,BrandA,Pull blue add according.,SupplierY,1 years,Limited
88739335,,424.08,Grocery,38,BrandD,Middle save mother though relate.,SupplierY,1 years,Limited
,Contraption,239.59,Electronics,18,BrandD,Business past Mrs alone wish.,SupplierY,2 years,Out of Stock
54324237,Thingamajig,,Electronics,21,BrandB,Large man responsibility.,SupplierX,3 years,Limited
16786325,Whatchamacallit,,Toys,13,BrandA,Interesting street organization night space.,SupplierZ,3 years,
17043694,Thingamajig,377.03,Grocery,64,BrandB,Hand science store institution data.,SupplierY,3 years,Out of Stock
94868753,Thingamajig,55.28,Books,45,BrandA,Hospital region finally pay pick.,SupplierY,1 years,In Stock
25030419,Thingamajig,308.4,Clothing,17,BrandC,Republican soldier baby north run end.,SupplierY,,Limited
43056163,Whatchamacallit,85.77,,70,BrandA,,SupplierZ,1 years,In Stock
92675445,Whatchamacallit,328.46,Books,50,BrandD,Increase top community team describe onto part.,SupplierY,3 years,Limited
20233440,Widget,,Books,,BrandB,Decade production image seat.,SupplierZ,3 years,Limited
12022205,,294.71,Electronics,51,BrandA,Mr least how fill car believe spring.,SupplierY,3 years,
74866526,Thingamajig,290.27,Home,,BrandD,Shoulder around ask among pressure record simple.,SupplierX,2 years,Limited
16222601,Whatchamacallit,435.85,Clothing,19,BrandA,Generation box reason maintain.,SupplierZ,1 years,
25993073,Thingamajig,97.09,Toys,72,BrandA,Plant bring put.,SupplierX,2 years,Limited
68760458,Thingamajig,376.02,,20,BrandC,Book with often that. Amount yard role.,SupplierY,2 years,In Stock
66778752,Contraption,173.2,Electronics,5,BrandC,Along collection thought talk.,SupplierZ,2 years,Limited
46799050,Contraption,272.15,Electronics,2,BrandD,Owner field floor project language.,SupplierX,1 years,Limited
97807292,Contraption,90.47,Clothing,66,BrandC,Art particular attack activity bad.,SupplierZ,3 years,Limited
84270856,Thingamajig,69.87,Grocery,18,,Friend far station wait note lawyer stand.,SupplierZ,3 years,Limited
92707191,Whatchamacallit,398.27,Books,51,BrandC,Everybody he alone machine season.,SupplierX,1 years,Out of Stock
5456178,Whatchamacallit,485.93,,23,BrandB,Democratic out not fine once.,SupplierZ,1 years,Out of Stock
38879500,Doohickey,140.84,Grocery,60,BrandD,Somebody plan alone leave.,SupplierY,,In Stock
76409431,Contraption,124.42,Clothing,85,BrandB,Plant you wind those Congress leg.,SupplierZ,1 years,In Stock
15111975,,,Toys,97,BrandA,Democratic health degree return could statement.,SupplierX,2 years,Out of Stock
50674398,Whatchamacallit,,Home,43,BrandD,Miss themselves society especially.,SupplierY,,Out of Stock
46956521,,205.84,Electronics,75,BrandA,Day book up forward officer yet.,SupplierZ,1 years,Out of Stock
59400837,Whatchamacallit,98.26,Toys,68,BrandA,Certain believe dinner friend short sister.,SupplierZ,2 years,Out of Stock
,Whatchamacallit,,Home,79,BrandD,Including support hold something current.,SupplierY,1 years,Out of Stock
51877668,Contraption,146.32,Toys,87,BrandB,,SupplierX,2 years,In Stock
66540311,Doohickey,349.1,Electronics,92,BrandD,,SupplierY,2 years,Out of Stock
78417236,Thingamajig,73.04,Clothing,,BrandC,Very benefit establish partner.,SupplierX,3 years,Limited
,Doohickey,,Grocery,51,BrandC,Sing relate though ground without.,SupplierY,1 years,Limited
22555090,Whatchamacallit,316.1,Toys,29,BrandC,Nation yes yet each boy foreign your.,SupplierZ,1 years,Out of Stock
75047375,Doohickey,,Grocery,36,BrandC,Bit move available child let man foreign value.,SupplierY,3 years,Limited
,Gadget,446.8,Electronics,25,BrandA,Foot book stock very medical.,SupplierY,1 years,Out of Stock
,Doohickey,201.94,Clothing,44,BrandC,Only away large decision participant large ten.,SupplierX,2 years,In Stock
38450938,Contraption,262.33,Clothing,39,BrandD,Question unit have right owner rise performance.,SupplierY,3 years,Out of Stock
34193723,,413.07,,75,BrandB,Much last door clearly civil.,SupplierX,2 years,In Stock
32292060,Contraption,464.42,Electronics,,BrandB,Same work minute offer.,SupplierZ,1 years,In Stock
73486541,Widget,179.44,Clothing,100,BrandA,,SupplierZ,1 years,Limited
7896170,Widget,93.88,Home,43,BrandC,Later more watch fact.,SupplierZ,1 years,In Stock
91983565,Gadget,475.3,Electronics,60,BrandC,Short fish knowledge between.,SupplierX,1 years,Out of Stock
91072382,Gadget,233.02,Electronics,35,BrandA,Entire worker window general.,SupplierY,2 years,In Stock
47045781,,386.82,Grocery,94,,Smile friend best.,SupplierZ,2 years,
45987717,Widget,120.55,Books,42,BrandC,,SupplierX,1 years,Out of Stock
42620662,Doohickey,125.17,Home,12,BrandD,Painting kind need kid although.,SupplierX,3 years,Out of Stock
88463421,Whatchamacallit,203.89,Toys,40,BrandD,Realize arm smile type remember car.,SupplierY,2 years,Out of Stock
38610660,Contraption,380.93,Clothing,15,BrandD,,SupplierX,3 years,In Stock
46016300,,166.06,Toys,72,BrandA,Wrong pass health seek.,SupplierZ,3 years,In Stock
30925823,Thingamajig,28.84,Electronics,14,BrandC,,SupplierY,3 years,In Stock
63710038,Whatchamacallit,448.46,Grocery,56,BrandC,Discussion bag book event still.,SupplierZ,,In Stock
7778360,Widget,101.73,Home,46,BrandB,,SupplierX,3 years,Out of Stock
80641643,Doohickey,,Clothing,22,BrandA,Total party special music cell against.,SupplierX,3 years,Out of Stock
7850004,Contraption,215.32,Home,44,BrandC,,SupplierX,1 years,Out of Stock
43371891,Widget,154.07,,67,BrandB,Sea use side. Account whom thought dream.,SupplierY,2 years,Out of Stock
88079547,Contraption,472.44,Books,7,,Capital real nothing church top can no.,SupplierY,1 years,In Stock
6018146,Widget,254.02,Home,14,BrandB,Bad prepare I spring.,SupplierZ,3 years,Out of Stock
6463168,Whatchamacallit,403.59,,34,BrandA,Rest box where fear.,SupplierZ,3 years,In Stock
95986203,Gadget,391.22,Electronics,97,BrandC,Range century daughter within.,SupplierX,,
89904602,Whatchamacallit,49.91,Home,,BrandA,American likely majority red want bank.,SupplierX,3 years,In Stock
75915117,Thingamajig,32.45,Clothing,13,BrandC,Whether military page economic ask mention.,SupplierY,2 years,Out of Stock
6976378,Contraption,,Home,79,BrandB,,SupplierY,1 years,In Stock
98075690,Whatchamacallit,160.13,Home,,BrandA,Read now foreign analysis he give.,,2 years,In Stock
72563274,Whatchamacallit,114.75,Home,62,BrandD,They else similar many its.,SupplierX,,Out of Stock
15316233,Gadget,45.72,Electronics,34,BrandD,,SupplierX,3 years,Limited
87084924,Thingamajig,131.54,Clothing,58,BrandC,Property able money however red event skin.,SupplierX,1 years,In Stock
83305276,Whatchamacallit,,,28,BrandD,,SupplierX,,Out of Stock
77478825,Contraption,78.7,Toys,59,BrandD,Position happy half age.,SupplierX,3 years,In Stock
,Widget,471.37,Clothing,73,BrandC,Culture deep five party option agent ever.,SupplierZ,2 years,In Stock
80012054,Contraption,,Home,52,BrandB,Quickly team area let purpose nice finish five.,SupplierY,2 years,In Stock
32770339,Thingamajig,388.01,Toys,55,BrandA,Hard can wall own method first.,SupplierY,2 years,Out of Stock
37507909,Gadget,151.79,Grocery,15,BrandD,Well level upon provide one better.,SupplierY,2 years,
59155881,Widget,459.06,Electronics,80,BrandD,,SupplierX,2 years,Out of Stock
35409571,Gadget,118.28,Home,65,BrandB,See leg memory month. Mr any option surface.,SupplierY,2 years,Out of Stock
69049330,Contraption,,Books,51,BrandD,Direction according late only.,SupplierY,2 years,Out of Stock
,Whatchamacallit,479.64,Grocery,37,BrandC,Baby set government affect.,,2 years,Limited
40358161,Gadget,453.1,Grocery,34,BrandC,A page not west knowledge that.,SupplierZ,2 years,Out of Stock
88178387,Contraption,142.59,Electronics,57,BrandB,Certain true area face those stock.,SupplierX,3 years,In Stock
48112451,Widget,142.88,,14,BrandD,Sense common case.,SupplierX,1 years,In Stock
59656340,Thingamajig,178.37,Clothing,89,BrandB,Key laugh least effect ask push.,SupplierY,3 years,In Stock
86288033,,375.24,Books,84,BrandB,Than so year perhaps ok center idea.,,1 years,Limited
25742657,Contraption,51.33,Grocery,57,BrandC,Management show social relate newspaper position.,SupplierY,3 years,Limited
78843974,Whatchamacallit,87.92,Books,69,BrandA,Evening drive project success quite.,SupplierZ,1 years,In Stock
9923966,Gadget,112.3,Grocery,13,BrandD,Participant stuff too entire beautiful hundred.,SupplierX,,Out of Stock
64745992,Doohickey,245.57,Books,14,BrandA,Claim wall collection.,SupplierX,1 years,Limited
90742668,Doohickey,112.3,Grocery,25,BrandB,Stuff couple increase enter night.,SupplierZ,,Out of Stock
9767515,Widget,297.84,Toys,81,BrandD,Board sea education must involve try.,SupplierZ,3 years,Out of Stock
8693662,Whatchamacallit,358.77,Grocery,,BrandC,Everyone find per tax stop.,SupplierY,3 years,In Stock
58583227,Whatchamacallit,114.78,Electronics,52,BrandD,Summer loss plan indicate fly.,SupplierX,3 years,In Stock
16077072,Doohickey,378.72,Home,35,BrandB,Tax sister environment reason evidence.,SupplierY,1 years,Limited
57013091,Doohickey,378.08,Electronics,18,BrandC,Discover case week natural continue reach.,SupplierZ,2 years,Out of Stock
28180487,Contraption,447.25,Home,42,BrandC,Billion start join great adult.,SupplierX,1 years,Out of Stock
21535123,Gadget,,Toys,84,BrandC,Hot notice interview when particular place.,SupplierZ,2 years,Limited
8957092,Thingamajig,295.78,,5,BrandA,Attack outside fast side them whose save.,,1 years,In Stock
51961688,Gadget,489.51,Clothing,1,,About deep change authority.,SupplierX,3 years,In Stock
38043918,Gadget,200.3,Home,10,BrandA,Allow account toward choice think such.,,2 years,In Stock
79212373,Doohickey,,Clothing,,BrandB,Worry clear word organization in this Mrs.,SupplierY,1 years,Limited
26069869,Contraption,138.53,Home,58,BrandD,I above operation.,SupplierZ,1 years,
5712205,Doohickey,120.39,Toys,5,BrandB,Fear these address capital husband citizen.,SupplierY,3 years,Out of Stock
69988202,Widget,64.79,Clothing,67,,Certain matter yourself dark travel.,SupplierX,3 years,In Stock
94853131,,272.1,Books,17,BrandC,Your various side turn himself bar time.,SupplierY,3 years,In Stock
47506558,Doohickey,69.67,Grocery,55,BrandB,,SupplierY,2 years,
78464407,Whatchamacallit,459.97,Grocery,53,BrandB,Media boy service rest culture owner.,SupplierY,1 years,Limited
79317405,Doohickey,390.8,Clothing,6,BrandB,Draw enjoy young cell glass discover.,SupplierY,2 years,
34218266,Whatchamacallit,343.87,Electronics,1,BrandD,Charge program fall person page subject.,SupplierY,1 years,In Stock
55827782,,393.18,Toys,,BrandC,Republican official box meeting fight.,SupplierY,3 years,Limited
18610710,Contraption,233.04,Electronics,,,Consumer discover yes class throw well.,SupplierY,,In Stock
47917378,Gadget,50.9,Grocery,26,BrandA,Remember soon medical under lead.,,2 years,In Stock
73853800,Contraption,71.88,Home,,,Increase window especially law late.,SupplierY,2 years,Out of Stock
92547995,Whatchamacallit,,Electronics,12,BrandC,Up line west and seat.,SupplierY,,Out of Stock
54306295,Contraption,455.33,Books,,BrandD,Usually quickly home them buy figure perform.,SupplierY,2 years,
55647724,Gadget,129.72,Books,27,,Somebody reveal year surface one me kind coach.,SupplierY,2 years,In Stock
26632643,Gadget,322.93,,80,BrandD,Appear whether most keep common crime.,SupplierX,2 years,Limited
47101340,Gadget,446.46,Books,49,BrandA,Growth itself Congress million hope among.,SupplierX,1 years,Out of Stock
8436993,Thingamajig,61.54,Electronics,77,BrandB,Claim Democrat measure professor economy above.,SupplierX,1 years,Out of Stock
34505892,Thingamajig,97.43,Home,2,BrandA,Oil certain enough friend professional field.,SupplierY,2 years,Limited
53440327,Widget,,Home,5,,,,1 years,In Stock
41537824,Widget,249.65,Home,18,BrandC,Assume age either enter.,SupplierX,3 years,Limited
,Doohickey,93.77,Home,7,BrandB,Remember fight four book.,SupplierZ,3 years,
21546037,Thingamajig,138.17,Books,24,BrandA,See population I how. Safe six indicate word.,SupplierZ,2 years,Out of Stock
23701601,,343.98,Home,71,,Third operation impact approach peace hand me.,SupplierY,3 years,In Stock
5084876,Doohickey,150.52,Home,22,BrandA,Staff spring result camera girl high.,SupplierZ,1 years,Limited
52407314,Widget,30.48,Clothing,78,BrandD,Interview floor approach might.,SupplierZ,2 years,Out of Stock
62090643,Doohickey,,Grocery,43,BrandA,Indicate and right factor industry art keep.,SupplierY,1 years,Limited
22632272,Widget,326.78,Books,,BrandD,Authority thought about.,SupplierY,3 years,In Stock
24849234,Thingamajig,247.5,Electronics,72,BrandC,Research president couple black law road.,SupplierZ,1 years,Limited
9219182,Whatchamacallit,276.9,,36,BrandB,Though raise production always.,SupplierX,2 years,Out of Stock
74615599,Contraption,80.99,Grocery,19,BrandA,Well if bill talk. Notice attack attorney I.,SupplierZ,3 years,Out of Stock
44069452,Whatchamacallit,309.21,,43,,Model talk himself learn.,SupplierZ,2 years,Out of Stock
71806396,Whatchamacallit,,Clothing,97,BrandC,,SupplierY,3 years,In Stock
,Gadget,388.96,,29,BrandD,Here simply measure serve upon.,SupplierX,3 years,Out of Stock
,,76.02,Home,8,BrandD,Trade walk attorney performance. Visit hot avoid.,,2 years,Limited
5374212,Thingamajig,,Clothing,8,BrandA,Plant have write. Scene land final of.,SupplierY,2 years,Out of Stock
48145794,Gadget,76.27,Grocery,,BrandB,Dinner line model international inside.,SupplierZ,3 years,Limited
44265007,Widget,311.13,Books,65,BrandB,Serve water help thing apply life.,SupplierX,,
15572844,Doohickey,476.25,Grocery,48,,Audience lose course live participant rich.,,3 years,Limited
31997638,Widget,100.92,Books,47,BrandA,Like fine somebody.,SupplierZ,3 years,Limited
84509406,Gadget,366.42,Clothing,81,,Wish specific set art show.,SupplierX,2 years,Limited
34556474,Widget,67.97,Books,20,,Each southern bad else place start long.,SupplierZ,2 years,Out of Stock
13488529,Contraption,455.83,Toys,,BrandB,Form toward assume business better cause.,SupplierX,1 years,Limited
,Whatchamacallit,284.17,Toys,21,BrandD,Include relate moment decade up church soon sure.,SupplierY,3 years,Limited
,,417.07,Books,95,BrandC,,SupplierX,1 years,Out of Stock
12635641,Widget,457.5,Grocery,66,BrandC,Serve field policy almost.,SupplierZ,1 years,In Stock
64542416,Doohickey,130.46,Clothing,3,,Work management front.,SupplierY,,In Stock
77897855,Thingamajig,306.66,Books,87,BrandA,Lawyer oil low build policy.,SupplierX,,In Stock
66578482,Gadget,29.37,Home,23,,Have movement organization.,SupplierZ,,Limited
53536709,,312.86,Home,8,BrandB,,SupplierZ,2 years,In Stock
78731455,Gadget,283.92,Electronics,26,BrandC,Close drive factor finish lead.,SupplierY,3 years,Out of Stock
10758229,Thingamajig,233.12,Toys,67,BrandB,His cut food any PM fire use.,SupplierY,2 years,In Stock
79289566,Gadget,,Books,79,BrandB,Bit source contain girl.,SupplierY,2 years,Out of Stock
,Doohickey,486.93,,39,BrandC,What many social exactly according according.,SupplierZ,1 years,Out of Stock
70991185,Whatchamacallit,58.97,Grocery,88,BrandA,Them us measure Democrat should owner tell try.,SupplierX,2 years,Out of Stock
36613496,Contraption,327.39,,56,BrandA,Miss contain our despite suggest.,SupplierZ,3 years,Out of Stock
91544872,Thingamajig,412.07,Toys,11,BrandB,,SupplierZ,3 years,Out of Stock
39913029,Thingamajig,445.28,Electronics,20,BrandB,Relationship food here city.,SupplierY,1 years,Limited
,Whatchamacallit,401.09,Grocery,21,BrandD,Suggest room sport.,SupplierY,,In Stock
77206541,Gadget,35.28,,32,BrandA,Be staff participant.,SupplierX,2 years,Limited
57641607,Contraption,96.44,Clothing,62,BrandD,,SupplierZ,3 years,In Stock
91636423,Thingamajig,280.13,Toys,35,BrandB,,SupplierX,2 years,Out of Stock
95016078,Doohickey,195.61,Grocery,32,BrandA,Project ago Democrat management picture.,SupplierZ,2 years,Limited
75331719,Doohickey,207.46,Electronics,,BrandC,Evidence national thus whether. Popular true not.,SupplierX,2 years,Limited
77163264,Widget,276.84,Grocery,49,,Claim so note serve happen Congress of.,SupplierZ,1 years,Limited
73488385,Whatchamacallit,307.9,Electronics,,BrandD,Free act war.,SupplierZ,1 years,In Stock
83405501,Gadget,381.59,Grocery,82,BrandD,North fear source another budget.,SupplierY,2 years,Out of Stock
34551080,,400.77,Electronics,17,BrandA,Control group want history everybody.,SupplierY,1 years,Limited
39256294,Thingamajig,,Home,19,BrandC,Work race can fish try who.,SupplierZ,2 years,Limited
27599754,,56.2,Home,61,,Green character ready audience cup ask central.,SupplierX,,Limited
18383508,,131.52,Grocery,59,,Away pass discussion sit its.,SupplierZ,3 years,Out of Stock
46102669,Whatchamacallit,488.85,Electronics,3,BrandD,Story most really detail country each likely.,SupplierZ,2 years,Out of Stock
90450310,Thingamajig,126.11,Toys,100,BrandA,Leave agreement start full. Nearly power check.,SupplierX,1 years,Limited
,Thingamajig,115.18,Toys,21,BrandD,Strong machine heavy. Forward plant field.,,3 years,Out of Stock
35434146,Contraption,456.76,Home,73,BrandD,Experience mention hand police through clearly.,,,Out of Stock
54162020,,181.71,Home,,BrandA,Choice condition decision father protect.,SupplierX,3 years,Limited
83781186,Gadget,111.66,Electronics,41,,,SupplierZ,2 years,Limited
99805906,Widget,18.13,Books,,,Stuff trial store direction idea.,SupplierX,3 years,Limited
,,276.22,Home,49,BrandB,Myself become source week.,,3 years,In Stock
29032457,Widget,125.05,Books,95,BrandC,Face course dinner often.,SupplierX,3 years,In Stock
66772255,Thingamajig,81.47,Home,68,BrandA,Measure number similar camera age own.,SupplierZ,1 years,In Stock
,Thingamajig,,Clothing,40,BrandB,Firm base open draw.,SupplierY,1 years,Limited
,,302.18,Books,69,BrandA,This take purpose state minute result artist.,SupplierZ,1 years,In Stock
36208760,,310,Electronics,42,BrandD,,,1 years,
9080140,Thingamajig,50.89,Electronics,60,BrandC,,SupplierY,3 years,Limited
87310061,Thingamajig,78.7,Clothing,65,BrandC,Huge image hit officer medical at how.,SupplierX,3 years,Out of Stock
36662708,Gadget,72.17,Clothing,90,BrandA,Single doctor add.,,1 years,Limited
76977909,Thingamajig,364.77,Grocery,39,BrandB,,SupplierZ,1 years,In Stock
61278004,,366.13,Electronics,45,,Book religious trial PM big recent mind.,SupplierX,1 years,Out of Stock
1764321,Widget,166.88,Clothing,94,BrandA,Hard table behavior part seek like rather.,SupplierY,1 years,Out of Stock
8934659,Gadget,,Books,91,BrandB,Walk interesting risk score west enough.,SupplierZ,2 years,Out of Stock
96321119,Gadget,461.57,Books,,BrandC,Morning its through radio represent certain.,SupplierX,,
82128685,Widget,226.47,Grocery,21,BrandC,Church cause short may recognize.,SupplierX,1 years,Limited
35621362,Whatchamacallit,20.44,Home,43,BrandA,Half different couple figure example prevent.,,1 years,Out of Stock
98785759,Doohickey,36.05,Toys,24,BrandA,Military quickly movement wonder drug technology.,SupplierY,2 years,Limited
99564643,Contraption,307.51,Grocery,40,BrandA,Life loss main during. Fear if body check.,SupplierZ,1 years,In Stock
78359321,Thingamajig,88.09,Home,13,BrandB,,SupplierY,1 years,
35671923,Contraption,239.02,Books,96,BrandD,Me avoid movement happen issue.,,3 years,In Stock
